/*
 Navicat Premium Data Transfer

 Source Server         : zxs
 Source Server Type    : MySQL
 Source Server Version : 80043 (8.0.43)
 Source Host           : 127.0.0.1:3306
 Source Schema         : HealthyLifeAiHealthAssistant

 Target Server Type    : MySQL
 Target Server Version : 80043 (8.0.43)
 File Encoding         : 65001

 Date: 12/20/2025 15:48:56
*/
CREATE DATABASE healthy_life_ai_health_assistant;
SET NAMES utf8mb4;
SET FOREIGN_KEY_CHECKS = 0;

-- ----------------------------
-- Table structure for article_types
-- ----------------------------
-- 创建健康文章类型表
CREATE TABLE `article_types`  (
  `type_id` int NOT NULL AUTO_INCREMENT COMMENT '文章类型ID',
  `type_name` varchar(20) CHARACTER SET utf8mb4 COLLATE utf8mb4_0900_ai_ci NOT NULL COMMENT '文章类型名称',
  `create_time` datetime NULL DEFAULT CURRENT_TIMESTAMP COMMENT '创建时间',
  `update_time` datetime NULL DEFAULT CURRENT_TIMESTAMP ON UPDATE CURRENT_TIMESTAMP COMMENT '更新时间',
  PRIMARY KEY (`type_id`) USING BTREE
) ENGINE = InnoDB AUTO_INCREMENT = 20 CHARACTER SET = utf8mb4 COLLATE = utf8mb4_0900_ai_ci COMMENT = '健康文章类型' ROW_FORMAT = DYNAMIC;

-- ----------------------------
-- Records of article_types
-- ----------------------------
INSERT INTO `article_types` VALUES (1, '母婴健康', '2025-04-04 04:58:52', '2025-04-04 04:58:52');
INSERT INTO `article_types` VALUES (2, '营养饮食', '2025-04-05 12:23:46', '2025-04-05 12:23:46');
INSERT INTO `article_types` VALUES (3, '运动健身', '2025-04-05 12:23:51', '2025-04-05 12:23:51');
INSERT INTO `article_types` VALUES (4, '心理健康', '2025-04-05 12:23:56', '2025-04-05 12:23:56');
INSERT INTO `article_types` VALUES (5, '疾病预防', '2025-04-05 12:23:59', '2025-04-05 12:23:59');
INSERT INTO `article_types` VALUES (6, '健康环境', '2025-04-05 16:37:48', '2025-04-05 16:37:48');
INSERT INTO `article_types` VALUES (7, '健康管理', '2025-04-06 06:06:20', '2025-04-06 06:06:20');
INSERT INTO `article_types` VALUES (8, '老年保健', '2025-04-06 08:39:00', '2025-04-06 08:39:00');
INSERT INTO `article_types` VALUES (9, '职场健康', '2025-04-06 08:39:19', '2025-04-06 08:39:19');
INSERT INTO `article_types` VALUES (10, '中医养生', '2025-04-06 09:37:23', '2025-04-06 09:37:23');
INSERT INTO `article_types` VALUES (11, '儿童健康', '2025-04-06 11:06:36', '2025-04-06 11:06:36');
INSERT INTO `article_types` VALUES (12, '慢性病管理', '2025-04-06 11:06:36', '2025-04-06 11:06:36');
INSERT INTO `article_types` VALUES (13, '急救知识', '2025-04-06 11:06:36', '2025-04-06 11:06:36');
INSERT INTO `article_types` VALUES (14, '康复护理', '2025-04-06 11:06:36', '2025-04-06 11:06:36');
INSERT INTO `article_types` VALUES (15, '健康科普', '2025-04-06 11:06:36', '2025-04-06 11:06:36');
INSERT INTO `article_types` VALUES (16, '体检指南', '2025-04-06 11:06:36', '2025-04-06 11:06:36');
INSERT INTO `article_types` VALUES (17, '用药安全', '2025-04-06 11:06:36', '2025-04-06 11:06:36');
INSERT INTO `article_types` VALUES (18, '健康政策', '2025-04-06 11:06:36', '2025-04-06 11:06:36');
INSERT INTO `article_types` VALUES (19, '健康科技', '2025-04-06 11:06:36', '2025-04-06 11:06:36');

-- ----------------------------
-- Table structure for articles
-- ----------------------------


CREATE TABLE `articles` (
  `id` int NOT NULL AUTO_INCREMENT COMMENT '文章ID',
  `title` varchar(255) CHARACTER SET utf8mb4 COLLATE utf8mb4_0900_ai_ci NOT NULL COMMENT '文章标题',
  `content` text CHARACTER SET utf8mb4 COLLATE utf8mb4_0900_ai_ci NOT NULL COMMENT '文章内容',
  `author` varchar(100) CHARACTER SET utf8mb4 COLLATE utf8mb4_0900_ai_ci NULL DEFAULT NULL COMMENT '作者',
  `create_time` datetime NULL DEFAULT CURRENT_TIMESTAMP COMMENT '创建时间',
  `update_time` datetime NULL DEFAULT CURRENT_TIMESTAMP ON UPDATE CURRENT_TIMESTAMP COMMENT '更新时间',
  `type_id` int NULL DEFAULT NULL COMMENT '文章类型ID，外键关联article_types表',
  PRIMARY KEY (`id`) USING BTREE,
  INDEX `type_id`(`type_id` ASC) USING BTREE,
  CONSTRAINT `articles_ibfk_1` FOREIGN KEY (`type_id`) REFERENCES `article_types` (`type_id`) ON DELETE RESTRICT ON UPDATE RESTRICT
) ENGINE = InnoDB AUTO_INCREMENT = 40 CHARACTER SET = utf8mb4 COLLATE = utf8mb4_0900_ai_ci COMMENT = '健康文章' ROW_FORMAT = DYNAMIC;

-- ----------------------------
-- Records of articles
-- ----------------------------
INSERT INTO `articles` VALUES (1, '为什么产后妈妈容易食欲不振？', '<p style=\"padding-left: 40px; text-align: left;\">&nbsp; &nbsp;产后妈妈在生产后很容易出现一些炎症、代谢紊乱以及应激反应，这些都可能影响食欲，使其出现厌食的症状。而食欲不振往往导致营养摄入不足，会影响母乳质量和身体恢复。<br>&nbsp; &nbsp;为什么会有这样的情况呢？产后食欲不振的原因：①孕期饮食不规律，产后突然改变饮食习惯；②产后体质虚弱，消化功能减退，或产后激素水平变化影响消化；③产道损伤继发感染，引起体温升高和食欲下降；④产后情绪波动大，影响进食欲望。<br>&nbsp;&nbsp;有什么症状表现？症状：少食、厌食、食欲不振。精神疲乏，喜卧少动，便秘，尿量减少，有的体温升高，表现消瘦。<br>&nbsp;&nbsp;遇到这种情况应该怎样预防和治疗？<br>预防：加强营养管理，合理搭配膳食，尤其对产后妈妈应补充足量的蛋白质、维生素和矿物质丰富的食物，如豆制品、瘦肉、新鲜蔬果。经常补充钙、铁等矿物质，适当进行产后康复运动。<br>治疗：建议咨询专业医生，根据具体情况制定个性化的饮食和运动方案。可以适当补充益生菌改善肠道功能，配合中医调理气血。<br>&nbsp; &nbsp;合理的营养调理可以很快缓解症状，使妈妈食欲改善，奶水充足，促进身体恢复。<br>&nbsp; &nbsp;如有需要，建议咨询专业营养师或医生制定个性化方案。</p>', '健康顾问', '2025-04-04 05:00:42', '2025-04-04 05:00:42', 1);

INSERT INTO `articles` VALUES (2, '婴幼儿为什么容易反复腹泻？', '<div class=\"auto-hide-last-sibling-br paragraph-qzbcQC paragraph-element br-paragraph-space\">婴幼儿腹泻是家长比较头疼的问题之一。腹泻反复发作往往与环境、饮食和护理方式密切相关。</div>
<p>&nbsp;</p>
<div class=\"auto-hide-last-sibling-br paragraph-qzbcQC paragraph-element br-paragraph-space\">婴幼儿消化系统发育不完善，对环境变化特别敏感。室内温度变化、衣着不适等都可能导致腹泻。</div>
<p>&nbsp;</p>
<div class=\"auto-hide-last-sibling-br paragraph-qzbcQC paragraph-element br-paragraph-space\">腹泻的首要原因是环境温度不适。婴幼儿体温调节能力较差，最适宜的环境温度应保持在24-26摄氏度。</div>
<p>&nbsp;</p>
<div class=\"auto-hide-last-sibling-br paragraph-qzbcQC paragraph-element br-paragraph-space\">其次要注意饮食过渡。从纯母乳喂养到添加辅食，食物种类和质地的变化需要循序渐进，给消化系统足够的适应时间。</div>
<p>&nbsp;</p>
<div class=\"auto-hide-last-sibling-br paragraph-qzbcQC paragraph-element br-paragraph-space\">最好的添加辅食时间是宝宝4-6个月后，从单一食材开始，观察宝宝的反应。添加新食物要间隔3-5天，便于识别过敏原。</div>
<p>&nbsp;</p>
<div class=\"auto-hide-last-sibling-br paragraph-qzbcQC paragraph-element br-paragraph-space\">即使是已经开始添加辅食，因为婴幼儿胃肠道功能较弱，免疫系统尚未完善，我们还要特别注意饮食卫生，避免感染。</div>
<p>&nbsp;</p>
<div class=\"auto-hide-last-sibling-br paragraph-qzbcQC paragraph-element br-paragraph-space\">婴幼儿经常性的腹泻还可能与母体健康状况有关。妈妈在哺乳期间的饮食和健康状况直接影响乳汁质量。</div>
<p>&nbsp;</p>
<div class=\"auto-hide-last-sibling-br paragraph-qzbcQC paragraph-element br-paragraph-space\">因此，哺乳期妈妈一定要注意自身健康，保证充足的营养和休息，使宝宝能够获得优质的乳汁。</div>', '儿科专家', '2025-04-04 07:34:23', '2025-04-04 07:34:23', 1);

INSERT INTO `articles` VALUES (3, '呼吸道疾病的预防与治疗', '<div class=\"auto-hide-last-sibling-br paragraph-qzbcQC paragraph-element br-paragraph-space\">一、生理机制与免疫观察<br>呼吸道是人体与外界环境直接相通的器官，正常情况下，呼吸道黏膜通过纤毛运动、黏液分泌等方式维持呼吸健康。然而在空气质量差、季节变化大的环境中，容易出现以下异常表现：</div>
<p>&nbsp;</p>
<ol class=\"auto-hide-last-sibling-br\">
<li>鼻塞流涕：鼻腔分泌物增多（初级阶段）</li>
<li>咽喉不适：咽部干燥、疼痛（中级阶段）</li>
<li>咳嗽咳痰：呼吸道炎症反应（中高级阶段）</li>
<li>呼吸困难：气道狭窄或肺部感染（严重阶段）</li>
</ol>
<p>&nbsp;</p>
<div class=\"auto-hide-last-sibling-br paragraph-qzbcQC paragraph-element br-paragraph-space\">二、呼吸道感染的三大诱因<br>人体免疫力下降时，呼吸道易受病原体侵袭，主要由以下因素导致：</div>
<p>&nbsp;</p>
<div class=\"auto-hide-last-sibling-br paragraph-qzbcQC paragraph-element br-paragraph-space\">（一）环境因素</div>
<p>&nbsp;</p>
<ol class=\"auto-hide-last-sibling-br\">
<li>空气质量差：PM2.5超标、二手烟等污染物刺激呼吸道</li>
<li>温度变化大：季节交替时温差明显，易引发感冒</li>
<li>密闭空间：通风不良导致病原体聚集</li>
</ol>
<p>&nbsp;</p>
<div class=\"auto-hide-last-sibling-br paragraph-qzbcQC paragraph-element br-paragraph-space\">（二）个人因素</div>
<p>&nbsp;</p>
<ol class=\"auto-hide-last-sibling-br\">
<li>免疫力低下：熬夜、压力大、营养不良</li>
<li>不良生活习惯：吸烟、饮酒、缺乏运动</li>
<li>基础疾病：过敏性鼻炎、哮喘等病史</li>
</ol>
<p>&nbsp;</p>
<div class=\"auto-hide-last-sibling-br paragraph-qzbcQC paragraph-element br-paragraph-space\">三、预防措施建议</div>
<p>&nbsp;</p>
<ol class=\"auto-hide-last-sibling-br\">
<li>加强个人防护：戴口罩、勤洗手、多通风</li>
<li>增强免疫力：均衡饮食、适量运动、充足睡眠</li>
<li>及时就医：出现持续发热、呼吸困难等症状应及时就诊</li>
</ol>', '呼吸科医生', '2025-04-04 07:34:47', '2025-04-04 07:34:47', 2);

INSERT INTO `articles` VALUES (4, '如何提高婴幼儿免疫力确保健康成长？', '提高婴幼儿免疫力是确保健康成长的关键，本文为您分享以下提高免疫力的措施：

1、科学喂养管理
对于婴幼儿要合理科学喂养，满足各个生长发育阶段的营养需求。母乳喂养是最佳选择，辅食添加要适时适量。

具体做法有：0-6个月纯母乳喂养；6个月后逐步添加辅食；1岁后过渡到家庭饮食。注意食物多样性，保证蛋白质、维生素和矿物质的充足摄入。

2、日常护理要点
保持适宜的环境温度（22-26℃），穿着适当，避免过厚过薄。勤洗手，保持个人卫生，减少感染机会。

3、充足睡眠
保证充足的睡眠时间，新生儿每天16-20小时，幼儿每天12-14小时。建立规律的作息习惯。

4、适度户外活动
天气良好时适当进行户外活动，接触阳光，促进维生素D合成，增强抵抗力。

5、按时接种疫苗
按照国家免疫规划程序，及时完成各类疫苗接种，建立免疫屏障。

6、避免滥用药物
不随意使用抗生素，在医生指导下合理用药。

7、保持良好情绪
营造愉快的家庭氛围，避免过度保护，培养宝宝良好的情绪状态。', '育儿专家', '2025-04-04 07:34:54', '2025-04-04 07:34:54', 1);

-- 继续修改其他记录...
INSERT INTO `articles` VALUES (5, '健康饮食的十大黄金法则', '<p>想要保持健康，必须从日常饮食抓起。合理的饮食习惯是健康的基石，以下是健康饮食的十大黄金法则：</p>
<ol>
<li><strong>食物多样化</strong>：每天摄入12种以上食物，每周25种以上</li>
<li><strong>粗细搭配</strong>：主食中粗粮应占1/3以上</li>
<li><strong>多吃蔬果</strong>：每天摄入300-500克蔬菜，200-350克水果</li>
<li><strong>适量蛋白</strong>：优先选择鱼、禽、豆制品等优质蛋白</li>
<li><strong>少油少盐</strong>：每天食盐不超过5克，烹调油25-30克</li>
<li><strong>足量饮水</strong>：每天饮水1500-1700毫升</li>
<li><strong>规律进食</strong>：三餐定时定量，不过饥过饱</li>
<li><strong>清淡烹调</strong>：多蒸煮炖，少煎炸烤</li>
<li><strong>限糖限酒</strong>：添加糖摄入不超过50克，最好25克以下</li>
<li><strong>饮食卫生</strong>：注意食物安全，防止病从口入</li>
</ol>', '营养师', '2025-04-05 12:24:44', '2025-04-05 12:24:44', 2);

-- 更多健康相关文章...
INSERT INTO `articles` VALUES (6, '运动健身的注意事项', '<p>科学的运动健身是保持健康的重要方式，但需要注意以下事项：</p>
<p><strong>运动前</strong>：进行充分热身，避免运动损伤；选择适合自己的运动强度。</p>
<p><strong>运动中</strong>：注意补充水分，遵循循序渐进原则；出现不适立即停止。</p>
<p><strong>运动后</strong>：进行整理活动，帮助身体恢复；注意营养补充和充分休息。</p>
<p>建议每周进行150-300分钟中等强度有氧运动，或75-150分钟高强度有氧运动。</p>', '健身教练', '2025-04-04 08:20:58', '2025-04-04 08:20:58', 3);

INSERT INTO `articles` VALUES (7, '心理健康维护的方法', '<p>心理健康是整体健康的重要组成部分，以下是一些维护心理健康的方法：</p>
<ol>
<li><strong>情绪管理</strong>：学会识别和表达情绪，采用积极方式应对压力</li>
<li><strong>社会支持</strong>：建立良好的人际关系网络，获得情感支持</li>
<li><strong>时间管理</strong>：合理安排工作生活，保持工作生活平衡</li>
<li><strong>放松训练</strong>：学习冥想、深呼吸等放松技巧</li>
<li><strong>专业帮助</strong>：必要时寻求心理咨询师的专业帮助</li>
</ol>', '心理咨询师', '2025-04-05 12:24:44', '2025-04-05 12:24:44', 4);

-- ----------------------------
-- Table structure for conversation
-- ----------------------------
DROP TABLE IF EXISTS `conversation`;
CREATE TABLE `conversation`  (
  `id` bigint NOT NULL AUTO_INCREMENT COMMENT '主键ID',
  `session_id` bigint NOT NULL COMMENT '会话ID',
  `user_id` int NOT NULL COMMENT '用户ID',
  `user_input` text CHARACTER SET utf8mb4 COLLATE utf8mb4_0900_ai_ci NOT NULL COMMENT '用户输入',
  `ai_response` text CHARACTER SET utf8mb4 COLLATE utf8mb4_0900_ai_ci NOT NULL COMMENT 'AI回复',
  `conversation_time` datetime NOT NULL DEFAULT CURRENT_TIMESTAMP COMMENT '对话时间',
  `model_name` varchar(255) CHARACTER SET utf8mb4 COLLATE utf8mb4_0900_ai_ci NULL DEFAULT NULL COMMENT 'AI模型名称',
  `response_time` decimal(10, 2) NULL DEFAULT NULL COMMENT 'AI响应时间（秒）',
  PRIMARY KEY (`id`) USING BTREE
) ENGINE = InnoDB AUTO_INCREMENT = 16 CHARACTER SET = utf8mb4 COLLATE = utf8mb4_0900_ai_ci COMMENT = '对话' ROW_FORMAT = DYNAMIC;

-- ----------------------------
-- Records of conversation
-- ----------------------------
INSERT INTO `conversation` VALUES (12, 1, 9, '你好', '你好！有什么问题或需要帮助的吗？', '2025-10-09 15:35:34', 'qwen2.5:latest', 1.25);
INSERT INTO `conversation` VALUES (13, 1, 9, '我的小孩最近食欲不振', '听到您的小孩食欲不振，我非常理解您的担心。这是一个儿童成长过程中的常见问题，我们可以从以下几个方面来梳理和应对：
首先排除健康原因：孩子食欲下降首先需考虑是否由身体不适引起，例如近期感冒发烧、咽喉肿痛、口腔溃疡、积食或便秘等。如果伴有精神不振、呕吐腹泻、腹痛或生长迟缓等情况，建议及时咨询儿科医生。
检查日常饮食安排：请回顾一下孩子的饮食节奏，正餐之外是否频繁摄入零食、饮料、牛奶或果汁，这会影响正餐胃口。建议保证三餐规律，餐间间隔3-4小时，期间尽量只提供白水，让孩子体验饥饿感。
关注情绪与进餐环境：孩子在吃饭时是否感到压力？是否因为被催促、训斥而产生抗拒？营造轻松愉快的进餐氛围很重要，尽量让孩子自己动手，多给予正面鼓励，避免强迫进食。
优化食物与增加活动：尝试在食物造型、色彩搭配上花些心思，激发孩子兴趣。同时，确保孩子每天有足够的户外活动量，运动能自然促进食欲。
需要警惕并及时就医的信号：如果孩子食欲不振持续超过两周，且伴有以下任何情况，请务必带孩子就医：
精神萎靡，体重下降或生长曲线偏离。
有发热、呕吐、腹泻、腹痛等明显病症。
出现吞咽困难、皮疹等异常表现。
大多数情况下，孩子的食欲波动是阶段性的。通过调整饮食节奏、减少零食、增加运动并营造愉快就餐环境，通常可以得到改善。如果尝试后仍无好转，或出现上述警示信号，请及时寻求专业医疗帮助。', '2025-10-09 15:36:09', 'qwen2.5:latest', 14.26);
INSERT INTO `conversation` VALUES (14, 3, 2, '你是什么模型', '我是Qwen，由阿里云开发的预训练语言模型。我能够生成各种文本内容，如文章、故事、诗歌等，并能根据不同的场景和需求进行变换和扩展。如果您有任何问题或需要帮助，请随时告诉我！', '2025-10-10 04:09:45', 'qwen2.5:latest', 28.29);
INSERT INTO `conversation` VALUES (15, 1, 9, '流感是什么', '流感，全称为流行性感冒，是一种由流感病毒引起的急性呼吸道传染病。它与普通感冒不同，通常起病更急、症状更重、传染性更强，也可能引起更严重的并发症。

为了清晰了解，以下是关于流感的关键信息：

1.  病原体与类型：流感病毒主要分为甲（A）、乙（B）、丙（C）、丁（D）四型。其中，甲型流感病毒变异能力强，易引起大规模流行甚至全球大流行（如H1N1、H3N2）；乙型流感通常引起季节性流行，范围相对较小；丙型症状较轻，丁型主要影响牲畜。

2.  传播方式：主要通过呼吸道飞沫传播（如咳嗽、打喷嚏），也可通过接触被病毒污染的物品（如门把手、玩具），再触摸口、鼻、眼而感染。

3.  典型症状：
    ◦   突发高热：体温可达39-40°C，是流感的典型特征。

    ◦   显著的全身症状：头痛、全身肌肉酸痛、关节痛、乏力感非常明显。

    ◦   呼吸道症状：常伴有咽痛、干咳，也可能有鼻塞、流涕。

    ◦   儿童可能还伴有恶心、呕吐、腹泻等消化道症状。

4.  与普通感冒的主要区别：普通感冒通常症状较轻，以打喷嚏、鼻塞、流涕为主，发热较少且多为低热，全身症状轻微，通常无严重并发症。

5.  潜在风险与并发症：流感本身可能导致肺炎、心肌炎、脑炎等严重并发症。对于婴幼儿、老年人、孕妇、有慢性基础疾病（如哮喘、心脏病、糖尿病）的人群，风险尤其高。

6.  预防与应对：
    ◦   最有效的预防：每年接种流感疫苗。

    ◦   日常防护：勤洗手、戴口罩、保持室内通风、避免去人群密集场所。

    ◦   感染后处理：如果出现疑似流感症状（特别是高热和全身酸痛），应及时就医。在医生指导下，可使用抗病毒药物（如奥司他韦）以减轻症状、缩短病程，并降低并发症风险。同时需居家休息、多喝水、对症治疗（如退烧）。

简单来说，流感是一种由特定病毒引起的、症状重、传染快的呼吸道疾病，需要比普通感冒更加重视，尤其是对高危人群而言。及时接种疫苗和在出现症状后及早就医是关键。', '2025-10-10 07:00:24', 'qwen2.5:latest', 39.22);

-- ----------------------------
-- Table structure for conversation_session
-- ----------------------------
DROP TABLE IF EXISTS `conversation_session`;
CREATE TABLE `conversation_session`  (
  `id` bigint NOT NULL AUTO_INCREMENT COMMENT '会话ID',
  `user_id` int NOT NULL COMMENT '用户ID',
  `title` varchar(255) CHARACTER SET utf8mb4 COLLATE utf8mb4_0900_ai_ci NULL DEFAULT '新对话' COMMENT '会话标题',
  `status` tinyint NOT NULL DEFAULT 1 COMMENT '状态: 1-进行中, 2-已结束',
  `model_name` varchar(255) CHARACTER SET utf8mb4 COLLATE utf8mb4_0900_ai_ci NULL DEFAULT NULL COMMENT 'AI模型名称',
  `create_time` datetime NOT NULL DEFAULT CURRENT_TIMESTAMP COMMENT '创建时间',
  `update_time` datetime NOT NULL DEFAULT CURRENT_TIMESTAMP ON UPDATE CURRENT_TIMESTAMP COMMENT '更新时间',
  PRIMARY KEY (`id`) USING BTREE,
  INDEX `idx_user_id`(`user_id` ASC) USING BTREE
) ENGINE = InnoDB AUTO_INCREMENT = 4 CHARACTER SET = utf8mb4 COLLATE = utf8mb4_0900_ai_ci COMMENT = '会话主表' ROW_FORMAT = Dynamic;

-- ----------------------------
-- Records of conversation_session
-- ----------------------------
INSERT INTO `conversation_session` VALUES (1, 9, '新对话', 1, NULL, '2025-10-09 23:35:28', '2025-10-09 23:35:28');
INSERT INTO `conversation_session` VALUES (2, 9, '新对话', 1, NULL, '2025-10-09 23:35:28', '2025-10-09 23:35:28');
INSERT INTO `conversation_session` VALUES (3, 2, '新对话', 1, NULL, '2025-10-10 12:08:55', '2025-10-10 12:08:55');

-- ----------------------------
-- Table structure for feedback
-- ----------------------------
DROP TABLE IF EXISTS `feedback`;
CREATE TABLE `feedback`  (
  `id` int NOT NULL AUTO_INCREMENT COMMENT '主键ID',
  `name` varchar(11) CHARACTER SET utf8mb4 COLLATE utf8mb4_0900_ai_ci NULL DEFAULT NULL COMMENT '反馈用户',
  `email` varchar(255) CHARACTER SET utf8mb4 COLLATE utf8mb4_0900_ai_ci NULL DEFAULT NULL COMMENT '邮箱地址',
  `title` varchar(255) CHARACTER SET utf8mb4 COLLATE utf8mb4_0900_ai_ci NULL DEFAULT NULL COMMENT '反馈标题',
  `content` text CHARACTER SET utf8mb4 COLLATE utf8mb4_0900_ai_ci NULL COMMENT '反馈内容',
  `create_time` datetime NULL DEFAULT CURRENT_TIMESTAMP COMMENT '创建时间',
  `update_time` datetime NULL DEFAULT CURRENT_TIMESTAMP ON UPDATE CURRENT_TIMESTAMP COMMENT '更新时间',
  PRIMARY KEY (`id`) USING BTREE
) ENGINE = InnoDB AUTO_INCREMENT = 13 CHARACTER SET = utf8mb4 COLLATE = utf8mb4_0900_ai_ci COMMENT = '反馈' ROW_FORMAT = DYNAMIC;

-- ----------------------------
-- Records of feedback
-- ----------------------------
INSERT INTO `feedback` VALUES (6, '路人甲', '31952874@qq.com', '测试一号', '测试这个系统有问题吗？', '2026-02-03 16:13:59', '2026-02-03 16:13:59');
INSERT INTO `feedback` VALUES (8, '小李飞刀', '31952874@qq.com', '测试333', '测试333', '2026-01-07 02:58:53', '2026-01-07 02:58:53');
INSERT INTO `feedback` VALUES (12, '张长弓', '2571293150@qq.com', '不错', '1', '2025-12-24 14:36:28', '2025-12-24 14:36:28');

-- ----------------------------
-- Table structure for files
-- ----------------------------
DROP TABLE IF EXISTS `files`;
CREATE TABLE `files`  (
  `id` int NOT NULL AUTO_INCREMENT COMMENT '主键id',
  `file_name` varchar(255) CHARACTER SET utf8mb4 COLLATE utf8mb4_0900_ai_ci NOT NULL COMMENT '文件名',
  `file_path` varchar(255) CHARACTER SET utf8mb4 COLLATE utf8mb4_0900_ai_ci NOT NULL COMMENT '文件在 MinIO 中的路径',
  `file_size` bigint NOT NULL COMMENT '文件大小，单位为字节',
  `content_type` varchar(100) CHARACTER SET utf8mb4 COLLATE utf8mb4_0900_ai_ci NULL DEFAULT NULL COMMENT '文件的 MIME 类型',
  `url` varchar(500) CHARACTER SET utf8mb4 COLLATE utf8mb4_0900_ai_ci NOT NULL COMMENT '文件的url',
  `upload_time` timestamp NULL DEFAULT CURRENT_TIMESTAMP COMMENT '文件上传时间',
  `bucket_name` varchar(100) CHARACTER SET utf8mb4 COLLATE utf8mb4_0900_ai_ci NOT NULL COMMENT '文件存储的 MinIO 桶名称',
  PRIMARY KEY (`id`) USING BTREE
) ENGINE = InnoDB AUTO_INCREMENT = 9 CHARACTER SET = utf8mb4 COLLATE = utf8mb4_0900_ai_ci COMMENT = '文件信息' ROW_FORMAT = DYNAMIC;

-- ----------------------------
-- Records of files
-- ----------------------------
INSERT INTO `files` VALUES (1, 'd5d096a22b6340d182016beba5183f2f.docx', '/pig-health/2025/02/26/d5d096a22b6340d182016beba5183f2f.docx', 2995033, 'application/vnd.openxmlformats-officedocument.wordprocessingml.document', 'http://172.17.45.92:9000/pig-health/2025/02/26/d5d096a22b6340d182016beba5183f2f.docx', '2025-02-26 10:11:31', 'pig-health');
INSERT INTO `files` VALUES (2, '330c5255373841029496aa15d5c384b9.png', '/pig-health/2025/02/26/330c5255373841029496aa15d5c384b9.png', 159686, 'image/png', 'http://172.17.45.92:9000/pig-health/2025/02/26/330c5255373841029496aa15d5c384b9.png', '2025-02-26 10:12:50', 'pig-health');
INSERT INTO `files` VALUES (3, 'c1f5601d95014cf8aea1b12aff78a89d.png', '/pig-health/2025/02/26/c1f5601d95014cf8aea1b12aff78a89d.png', 159686, 'image/png', 'http://172.17.45.92:9000/pig-health/2025/02/26/c1f5601d95014cf8aea1b12aff78a89d.png', '2025-02-26 10:14:49', 'pig-health');
INSERT INTO `files` VALUES (4, '570e607aadfc41d0b2a49e7447c01e5d.png', '/pig-health/2025/02/26/570e607aadfc41d0b2a49e7447c01e5d.png', 159686, 'image/png', 'http://172.17.45.92:9000/pig-health/2025/02/26/570e607aadfc41d0b2a49e7447c01e5d.png', '2025-02-26 10:15:46', 'pig-health');
INSERT INTO `files` VALUES (5, 'f0017491d55e49679607c485d373a977.png', '/pig-health/2025/02/26/f0017491d55e49679607c485d373a977.png', 159686, 'image/png', 'http://172.17.45.92:9000/pig-health/2025/02/26/f0017491d55e49679607c485d373a977.png', '2025-02-26 15:41:11', 'pig-health');
INSERT INTO `files` VALUES (6, 'eef17dac4b5e4fa68236b1879ae1099f.jpg', '/pig-health/2025/04/19/eef17dac4b5e4fa68236b1879ae1099f.jpg', 38002, 'image/jpeg', 'http://117.72.101.170:9000/pig-health/2025/04/19/eef17dac4b5e4fa68236b1879ae1099f.jpg', '2025-04-19 16:29:59', 'pig-health');
INSERT INTO `files` VALUES (7, '688138d12cb144e39d8b7630fd29d2da.jpg', '/pig-health/2025/04/19/688138d12cb144e39d8b7630fd29d2da.jpg', 38002, 'image/jpeg', 'http://117.72.101.170:9000/pig-health/2025/04/19/688138d12cb144e39d8b7630fd29d2da.jpg', '2025-04-19 16:30:52', 'pig-health');
INSERT INTO `files` VALUES (8, 'fe621d5ccb9f445f939ff960649dd80d.jpg', '/pig-health/2025/04/19/fe621d5ccb9f445f939ff960649dd80d.jpg', 38002, 'image/jpeg', 'http://117.72.101.170:9000/pig-health/2025/04/19/fe621d5ccb9f445f939ff960649dd80d.jpg', '2025-04-19 17:14:52', 'pig-health');

-- ----------------------------
-- Table structure for history
-- ----------------------------
DROP TABLE IF EXISTS `history`;
CREATE TABLE `history`  (
  `id` int NOT NULL AUTO_INCREMENT COMMENT '用户搜索历史主键id',
  `user_id` int NULL DEFAULT NULL COMMENT '用户ID',
  `keyword` varchar(255) CHARACTER SET utf8mb4 COLLATE utf8mb4_0900_ai_ci NULL DEFAULT NULL COMMENT '搜索关键字',
  `operate_type` int NULL DEFAULT NULL COMMENT '类型：1搜索，2科目，3药品',
  `create_time` datetime NULL DEFAULT CURRENT_TIMESTAMP COMMENT '创建时间',
  `update_time` datetime NULL DEFAULT CURRENT_TIMESTAMP ON UPDATE CURRENT_TIMESTAMP COMMENT '更新时间',
  PRIMARY KEY (`id`) USING BTREE
) ENGINE = InnoDB AUTO_INCREMENT = 160 CHARACTER SET = utf8mb4 COLLATE = utf8mb4_0900_ai_ci COMMENT = '操作记录' ROW_FORMAT = DYNAMIC;

-- ----------------------------
-- Records of history
-- ----------------------------
INSERT INTO `history` VALUES (126, 4, '10,无', 1, '2022-05-03 16:09:34', '2022-05-03 16:09:34');
INSERT INTO `history` VALUES (127, 4, '10,无', 1, '2022-05-03 16:09:40', '2022-05-03 16:09:40');
INSERT INTO `history` VALUES (128, 4, '病毒性感冒', 2, '2022-05-03 16:09:48', '2022-05-03 16:09:48');
INSERT INTO `history` VALUES (129, 4, '10,无', 1, '2022-05-03 16:09:52', '2022-05-03 16:09:52');
INSERT INTO `history` VALUES (130, 4, '湿疹', 2, '2022-05-03 16:12:15', '2022-05-03 16:12:15');
INSERT INTO `history` VALUES (131, 4, '偏头痛', 2, '2022-05-03 16:12:49', '2022-05-03 16:12:49');
INSERT INTO `history` VALUES (132, 5, '7,无', 1, '2022-05-03 16:17:41', '2022-05-03 16:17:41');
INSERT INTO `history` VALUES (133, 5, '湿疹', 2, '2022-05-03 16:17:53', '2022-05-03 16:17:53');
INSERT INTO `history` VALUES (134, 5, '感冒', 2, '2022-05-03 16:18:08', '2022-05-03 16:18:08');
INSERT INTO `history` VALUES (135, 5, '17,无', 1, '2022-05-03 16:18:22', '2022-05-03 16:18:22');
INSERT INTO `history` VALUES (136, 5, '17,溃疡', 1, '2022-05-03 16:18:28', '2022-05-03 16:18:28');
INSERT INTO `history` VALUES (137, 5, '溃疡', 2, '2022-05-03 16:18:28', '2022-05-03 16:18:28');
INSERT INTO `history` VALUES (138, 5, '17,溃疡', 1, '2022-05-03 16:26:48', '2022-05-03 16:26:48');
INSERT INTO `history` VALUES (139, 5, '溃疡', 2, '2022-05-03 16:26:48', '2022-05-03 16:26:48');
INSERT INTO `history` VALUES (140, 5, '17,溃疡', 1, '2022-05-03 16:28:20', '2022-05-03 16:28:20');
INSERT INTO `history` VALUES (141, 5, '溃疡', 2, '2022-05-03 16:28:20', '2022-05-03 16:28:20');
INSERT INTO `history` VALUES (142, 5, '17,溃疡', 1, '2022-05-03 16:33:52', '2022-05-03 16:33:52');
INSERT INTO `history` VALUES (143, 5, '溃疡', 2, '2022-05-03 16:33:52', '2022-05-03 16:33:52');
INSERT INTO `history` VALUES (144, 5, '溃疡', 2, '2022-05-03 16:34:08', '2022-05-03 16:34:08');
INSERT INTO `history` VALUES (145, 5, '7,无', 1, '2022-05-03 16:37:57', '2022-05-03 16:37:57');
INSERT INTO `history` VALUES (146, 5, '9,无', 1, '2022-05-03 16:38:34', '2022-05-03 16:38:34');
INSERT INTO `history` VALUES (147, 5, '9,无', 1, '2022-05-03 16:41:59', '2022-05-03 16:41:59');
INSERT INTO `history` VALUES (148, 5, '9,无', 1, '2022-05-03 16:42:14', '2022-05-03 16:42:14');
INSERT INTO `history` VALUES (149, 5, '9,无', 1, '2022-05-03 16:42:45', '2022-05-03 16:42:45');
INSERT INTO `history` VALUES (150, 5, '9,无', 1, '2022-05-03 16:43:54', '2022-05-03 16:43:54');
INSERT INTO `history` VALUES (151, 5, '9,无', 1, '2022-05-03 16:44:26', '2022-05-03 16:44:26');
INSERT INTO `history` VALUES (152, 5, '9,无', 1, '2022-05-03 16:44:45', '2022-05-03 16:44:45');
INSERT INTO `history` VALUES (153, 5, '2,无', 1, '2022-05-03 16:44:51', '2022-05-03 16:44:51');
INSERT INTO `history` VALUES (154, 5, '2,无', 1, '2022-05-03 16:45:46', '2022-05-03 16:45:46');
INSERT INTO `history` VALUES (155, 5, '1', 3, '2022-05-07 15:34:34', '2022-05-07 15:34:34');
INSERT INTO `history` VALUES (156, 4, '牙周炎', 2, '2022-07-14 19:32:05', '2022-07-14 19:32:05');
INSERT INTO `history` VALUES (157, 4, '9,无', 1, '2022-07-14 19:32:52', '2022-07-14 19:32:52');
INSERT INTO `history` VALUES (158, 4, '1,无', 1, '2022-07-14 19:32:56', '2022-07-14 19:32:56');
INSERT INTO `history` VALUES (159, 4, '17,无', 1, '2022-07-14 19:32:59', '2022-07-14 19:32:59');

-- ----------------------------
-- Table structure for illness
-- ----------------------------
DROP TABLE IF EXISTS `illness`;
CREATE TABLE `illness`  (
  `id` int NOT NULL AUTO_INCREMENT COMMENT '疾病id',
  `kind_id` int NULL DEFAULT NULL COMMENT '疾病分类ID',
  `illness_name` varchar(100) CHARACTER SET utf8mb4 COLLATE utf8mb4_0900_ai_ci NULL DEFAULT NULL COMMENT '疾病名字',
  `include_reason` mediumtext CHARACTER SET utf8mb4 COLLATE utf8mb4_0900_ai_ci NULL COMMENT '诱发因素',
  `illness_symptom` mediumtext CHARACTER SET utf8mb4 COLLATE utf8mb4_0900_ai_ci NULL COMMENT '疾病症状',
  `special_symptom` mediumtext CHARACTER SET utf8mb4 COLLATE utf8mb4_0900_ai_ci NULL COMMENT '特殊症状',
  `create_time` datetime NULL DEFAULT CURRENT_TIMESTAMP COMMENT '创建时间',
  `update_time` datetime NULL DEFAULT CURRENT_TIMESTAMP ON UPDATE CURRENT_TIMESTAMP COMMENT '更新时间',
  PRIMARY KEY (`id`) USING BTREE
) ENGINE = InnoDB AUTO_INCREMENT = 121227 CHARACTER SET = utf8mb4 COLLATE = utf8mb4_0900_ai_ci COMMENT = '疾病' ROW_FORMAT = DYNAMIC;

-- ----------------------------
-- Records of illness
-- ----------------------------

-- 呼吸系统疾病
INSERT INTO `illness` VALUES (1, 50, '支气管炎', '病毒感染（如流感病毒、腺病毒）、细菌感染（如肺炎链球菌、流感嗜血杆菌）、吸烟、空气污染、职业粉尘暴露、气候变化、免疫力低下、过敏原刺激（如花粉、尘螨）、胃食管反流、慢性鼻窦炎等。', '急性支气管炎：咳嗽（初期干咳，后转为咳痰，可持续2-3周）、咳痰（白色黏液痰或黄绿色脓痰）、胸骨后不适或疼痛、发热（多为低热）、乏力、气促。慢性支气管炎：长期反复咳嗽、咳痰（晨起明显，白色泡沫痰或黏液痰）、喘息、气促，每年发作持续3个月以上，连续2年或以上。', '急性支气管炎：咳嗽剧烈时可伴有胸痛、肌肉酸痛；儿童可出现呕吐、腹泻等消化道症状。慢性支气管炎：晚期可出现肺气肿体征，如桶状胸、呼吸音减弱、呼气延长；严重时出现呼吸衰竭、肺心病。', '2025-02-25 23:42:16', '2025-02-25 23:42:16');
INSERT INTO `illness` VALUES (2, 50, '肺气肿', '长期吸烟（最主要原因）、空气污染（工业废气、粉尘）、职业性粉尘和化学物质暴露、反复呼吸道感染、遗传因素（α1-抗胰蛋白酶缺乏）、年龄增长、气道高反应性、营养不良等。', '进行性呼吸困难（活动后加重，休息可缓解）、慢性咳嗽、咳痰（多为白色黏液痰）、喘息、胸闷、乏力、体重下降、食欲减退。早期症状不明显，仅在活动后出现气促，随病情进展，静息时也可出现呼吸困难。', '桶状胸（胸廓前后径增大，呈桶状）、呼吸运动减弱、语颤减弱、叩诊呈过清音、心浊音界缩小、肝浊音界下移、呼吸音减弱、呼气延长、可闻及干湿性啰音。晚期出现发绀、杵状指（趾）、右心衰竭表现（颈静脉怒张、肝大、下肢水肿）。', '2025-02-25 23:42:16', '2025-02-25 23:42:16');
INSERT INTO `illness` VALUES (3, 50, '肺结核', '结核分枝杆菌感染（主要通过呼吸道飞沫传播）、免疫力低下（如HIV感染、糖尿病、长期使用免疫抑制剂、营养不良、老年人、婴幼儿）、与活动性肺结核患者密切接触、居住环境拥挤、卫生条件差、吸烟、酗酒、矽肺等职业性肺病。', '全身症状：午后低热、盗汗、乏力、食欲减退、体重减轻、女性月经不调。呼吸系统症状：咳嗽、咳痰（多为白色黏液痰，继发感染时可呈脓性）、咯血（痰中带血或大咯血）、胸痛（病变累及胸膜时）、呼吸困难（病变广泛或大量胸腔积液时）。', '结核中毒症状：长期午后低热、夜间盗汗、消瘦、乏力。咯血：可为痰中带血或大咯血，大咯血可导致窒息。结核性胸膜炎：胸痛、呼吸困难、胸腔积液。肺外结核：可累及淋巴结、骨关节、泌尿生殖系统、肠道、中枢神经系统等，出现相应部位症状。', '2025-02-25 23:42:16', '2025-02-25 23:42:16');

-- 心血管系统疾病
INSERT INTO `illness` VALUES (4, 51, '高血压', '遗传因素（家族史）、年龄增长、高盐饮食、肥胖、缺乏运动、长期精神紧张、吸烟、过量饮酒、高脂血症、糖尿病、睡眠呼吸暂停综合征、慢性肾脏疾病、内分泌疾病（如原发性醛固酮增多症、嗜铬细胞瘤）、药物（如避孕药、非甾体抗炎药、糖皮质激素）等。', '大多数患者无明显症状，仅在体检或出现并发症时发现。部分患者可有头痛（多在清晨）、头晕、心悸、胸闷、乏力、耳鸣、视物模糊、鼻出血等。长期高血压可导致心、脑、肾、眼等靶器官损害，出现相应症状。', '高血压危象：血压急剧升高，出现剧烈头痛、恶心、呕吐、心悸、气促、视力模糊、意识障碍，甚至抽搐、昏迷。高血压脑病：血压突然升高导致脑水肿，出现严重头痛、呕吐、意识障碍、抽搐、偏瘫、失语等。靶器官损害：左心室肥厚、心力衰竭、冠心病、脑卒中、肾功能不全、视网膜病变等。', '2025-02-25 23:42:16', '2025-02-25 23:42:16');
INSERT INTO `illness` VALUES (5, 51, '冠心病', '高血压、高脂血症、糖尿病、吸烟、肥胖、缺乏运动、高盐高脂饮食、精神压力大、家族史、年龄（男性>45岁，女性>55岁）、性别（男性发病率高于绝经前女性）、A型性格等。', '心绞痛：胸骨后或心前区压榨性、闷胀性或窒息性疼痛，可放射至左肩、左臂内侧、颈部、下颌、上腹部，持续数分钟至十余分钟，休息或含服硝酸甘油可缓解。心肌梗死：剧烈而持久的胸痛，伴大汗、恶心、呕吐、呼吸困难、濒死感，含服硝酸甘油不能缓解。', '不稳定性心绞痛：疼痛频率增加、程度加重、持续时间延长，休息或含服硝酸甘油效果差。急性心肌梗死：典型胸痛、心电图动态演变、心肌酶升高。心力衰竭：呼吸困难、水肿、乏力。心律失常：心悸、头晕、晕厥。猝死：部分患者以猝死为首发表现。', '2025-02-25 23:42:16', '2025-02-25 23:42:16');
INSERT INTO `illness` VALUES (6, 51, '心力衰竭', '冠心病、心肌梗死、高血压、心脏瓣膜病、心肌病、心肌炎、先天性心脏病、心律失常、肺源性心脏病、贫血、甲状腺功能亢进、肾功能不全、感染、妊娠、输液过多过快、劳累、情绪激动、药物（如β受体阻滞剂突然停药）等。', '左心衰竭：呼吸困难（劳力性呼吸困难、夜间阵发性呼吸困难、端坐呼吸）、咳嗽、咳粉红色泡沫痰、乏力、头晕、心悸。右心衰竭：体循环淤血表现，如食欲不振、恶心、腹胀、肝区疼痛、少尿、水肿（下肢、腰骶部、全身）、颈静脉怒张、肝大、腹水。', '急性左心衰竭：突发严重呼吸困难、端坐呼吸、咳粉红色泡沫痰、大汗、烦躁、发绀，两肺满布湿啰音和哮鸣音。心源性休克：血压下降、四肢湿冷、尿少、意识障碍。顽固性心力衰竭：经标准治疗后症状仍持续存在或反复发作。', '2025-02-25 23:42:16', '2025-02-25 23:42:16');

-- 消化系统疾病
INSERT INTO `illness` VALUES (7, 52, '胃溃疡', '幽门螺杆菌感染（最主要原因）、长期服用非甾体抗炎药（如阿司匹林、布洛芬）、胃酸和胃蛋白酶分泌过多、吸烟、酗酒、精神紧张、应激（如严重创伤、大手术、烧伤）、遗传因素、饮食不规律、辛辣刺激食物、咖啡、浓茶等。', '上腹痛：慢性、周期性、节律性疼痛，多位于剑突下或上腹部，可为钝痛、灼痛、胀痛或饥饿样不适，胃溃疡疼痛多在餐后0.5-1小时出现，持续1-2小时后逐渐缓解。其他症状：反酸、嗳气、恶心、呕吐、腹胀、食欲减退、体重下降。', '出血：呕血（咖啡色或鲜红色）、黑便（柏油样便），可伴有头晕、心悸、乏力、面色苍白。穿孔：突发剧烈上腹痛，迅速波及全腹，腹肌紧张如板状，压痛、反跳痛明显，肝浊音界消失。幽门梗阻：上腹胀痛、呕吐宿食、振水音阳性、营养不良、脱水。癌变：长期不愈的胃溃疡，疼痛节律性消失，出现消瘦、贫血、上腹包块。', '2025-02-25 23:42:16', '2025-02-25 23:42:16');
INSERT INTO `illness` VALUES (8, 52, '肝炎', '病毒感染（甲型、乙型、丙型、丁型、戊型肝炎病毒）、酒精性肝损伤、药物性肝损伤（如抗结核药、解热镇痛药、抗生素、抗肿瘤药）、自身免疫性肝炎、脂肪肝、遗传代谢性疾病（如肝豆状核变性、α1-抗胰蛋白酶缺乏症）、寄生虫感染、化学毒物（如四氯化碳、磷）等。', '急性肝炎：乏力、食欲减退、恶心、呕吐、厌油、腹胀、肝区疼痛、尿黄、皮肤巩膜黄染、发热。慢性肝炎：症状较轻或无症状，可有乏力、食欲不振、肝区不适、腹胀，部分患者出现肝掌、蜘蛛痣、脾大。重症肝炎：极度乏力、严重消化道症状、黄疸迅速加深、出血倾向、肝性脑病、腹水。', '急性重型肝炎（暴发性肝炎）：起病急骤，病情危重，黄疸迅速加深，肝脏进行性缩小，出现肝性脑病、出血倾向、肝肾综合征，病死率高。慢性重型肝炎：在慢性肝炎或肝硬化基础上发生，预后差。淤胆型肝炎：黄疸深，但消化道症状轻，皮肤瘙痒，大便颜色变浅。', '2025-02-25 23:42:16', '2025-02-25 23:42:16');
INSERT INTO `illness` VALUES (9, 52, '肝硬化', '病毒性肝炎（乙型、丙型最常见）、酒精性肝病、非酒精性脂肪性肝病、自身免疫性肝病、遗传代谢性疾病（如肝豆状核变性、血色病）、长期胆汁淤积、药物或毒物、血吸虫病、心源性肝硬化、隐源性肝硬化等。', '代偿期：症状轻微或无症状，可有乏力、食欲减退、消化不良、恶心、腹胀、肝区不适。失代偿期：肝功能减退表现（乏力、食欲不振、消瘦、黄疸、出血倾向、内分泌紊乱如肝掌、蜘蛛痣、男性乳房发育、女性月经失调）；门静脉高压表现（脾大、腹水、侧支循环建立如食管胃底静脉曲张、腹壁静脉曲张、痔疮）。', '上消化道出血：食管胃底静脉曲张破裂出血，表现为呕血、黑便，可导致失血性休克、肝性脑病。肝性脑病：性格行为改变、意识障碍、扑翼样震颤、昏迷。感染：自发性细菌性腹膜炎、肺炎、胆道感染等。肝肾综合征：少尿、无尿、氮质血症、电解质紊乱。原发性肝癌：肝区疼痛、肝大、消瘦、腹水、黄疸。', '2025-02-25 23:42:16', '2025-02-25 23:42:16');

-- 神经系统疾病
INSERT INTO `illness` VALUES (10, 53, '癫痫', '遗传因素、脑部疾病（如脑外伤、脑肿瘤、脑血管病、颅内感染、脑发育异常）、全身性疾病（如低血糖、低血钙、尿毒症、肝性脑病）、中毒（如酒精、药物、一氧化碳）、围产期损伤、高热惊厥、免疫因素等。部分患者病因不明。', '全面性发作：意识丧失、全身强直-阵挛性抽搐（强直期：全身肌肉强直性收缩，眼球上翻，呼吸暂停，面色青紫；阵挛期：全身肌肉节律性抽动，口吐白沫，大小便失禁；发作后：意识逐渐恢复，头痛、乏力、肌肉酸痛）。部分性发作：意识清楚或轻度意识障碍，局部肢体或面部抽搐、感觉异常、自主神经症状、精神症状。', '癫痫持续状态：一次癫痫发作持续30分钟以上，或反复发作、发作间期意识未完全恢复，可导致脑水肿、呼吸循环衰竭、多器官功能损害，危及生命。难治性癫痫：经正规抗癫痫药物治疗2年以上，仍频繁发作。癫痫猝死：癫痫患者不明原因突然死亡，可能与心律失常、呼吸抑制、自主神经功能障碍有关。', '2025-02-25 23:42:16', '2025-02-25 23:42:16');
INSERT INTO `illness` VALUES (11, 53, '帕金森病', '年龄老化、遗传因素（约10%有家族史）、环境因素（如农药、重金属暴露）、氧化应激、线粒体功能障碍、炎症反应、神经递质失衡等。黑质多巴胺能神经元变性、缺失，导致纹状体多巴胺含量显著减少。', '运动症状：静止性震颤（手部"搓丸样"动作，静止时明显，活动时减轻，睡眠时消失）、肌强直（铅管样或齿轮样强直）、运动迟缓（动作缓慢、笨拙，面部表情减少如"面具脸"，写字变小如"小写症"，行走时上肢摆动减少）、姿势步态异常（身体前倾、小步态、慌张步态，起步困难，转身困难）。非运动症状：自主神经功能障碍（便秘、多汗、体位性低血压、排尿障碍）、精神症状（抑郁、焦虑、幻觉、认知障碍）、睡眠障碍、感觉异常、疲劳等。', '冻结步态：行走时突然"冻结"，双脚像粘在地上，难以迈步，持续数秒至数分钟，可因紧张、过门槛、转身时诱发。异动症：长期左旋多巴治疗后出现的不自主运动，如舞蹈样动作、肌张力障碍。开-关现象：症状在"开"期（活动自如）和"关"期（活动困难）之间波动。剂末现象：每次服药后药效维持时间缩短，下次服药前症状加重。', '2025-02-25 23:42:16', '2025-02-25 23:42:16');
INSERT INTO `illness` VALUES (12, 53, '阿尔茨海默病', '年龄（65岁以上发病率显著增加）、遗传因素（如APP、PSEN1、PSEN2、APOE ε4等基因突变）、低教育水平、头部外伤、高血压、糖尿病、高脂血症、吸烟、缺乏运动、社交孤立、抑郁、睡眠障碍等。脑内β-淀粉样蛋白沉积形成老年斑，Tau蛋白过度磷酸化形成神经原纤维缠结，导致神经元丢失、脑萎缩。', '记忆障碍：早期以近记忆减退为主，如刚说过的话、做过的事很快忘记，重复提问，丢三落四。认知功能障碍：时间、地点、人物定向障碍，计算能力下降，执行功能受损，语言障碍（找词困难、命名障碍），视空间能力下降（迷路、不认识熟悉环境）。精神行为症状：人格改变（自私、多疑、固执）、抑郁、焦虑、幻觉、妄想、激越、攻击行为、睡眠障碍、游走。日常生活能力下降：生活自理能力逐渐丧失，需要他人照料。', '快速进展型：少数患者病情进展迅速，在数年内出现严重痴呆。非典型表现：早期以语言障碍、视空间障碍、执行功能障碍等非记忆症状为主。混合性痴呆：合并血管性痴呆或其他类型痴呆。终末期：完全丧失认知功能，卧床不起，大小便失禁，出现压疮、肺部感染、营养不良等并发症。', '2025-02-25 23:42:16', '2025-02-25 23:42:16');

-- 内分泌代谢疾病
INSERT INTO `illness` VALUES (13, 54, '糖尿病', '遗传因素、肥胖、缺乏运动、高热量饮食、年龄增长、妊娠、多囊卵巢综合征、高血压、高脂血症、药物（如糖皮质激素、噻嗪类利尿剂）、胰腺疾病、内分泌疾病（如库欣综合征、肢端肥大症）、感染、应激等。胰岛素分泌不足或作用障碍，导致血糖升高。', '典型症状：多饮、多食、多尿、体重下降（"三多一少"）。其他症状：乏力、视力模糊、皮肤瘙痒、外阴瘙痒、反复感染、伤口愈合缓慢、手足麻木、感觉异常。部分患者可无典型症状，仅在体检时发现。', '糖尿病酮症酸中毒：多饮多尿加重，恶心、呕吐、腹痛，呼吸深快，呼气有烂苹果味，脱水，意识障碍，昏迷。高渗高血糖综合征：多见于老年人，血糖显著升高，血浆渗透压升高，严重脱水，意识障碍，抽搐，昏迷。糖尿病肾病：蛋白尿、水肿、高血压、肾功能不全。糖尿病视网膜病变：视力下降、失明。糖尿病足：足部溃疡、感染、坏疽，可导致截肢。', '2025-02-25 23:42:16', '2025-02-25 23:42:16');
INSERT INTO `illness` VALUES (14, 54, '甲状腺功能亢进', 'Graves病（自身免疫性疾病，产生TSH受体抗体）、毒性多结节性甲状腺肿、甲状腺腺瘤、亚急性甲状腺炎、桥本甲状腺炎、碘摄入过多、垂体TSH瘤、绒毛膜促性腺激素相关性甲亢、药物（如胺碘酮）等。', '高代谢综合征：怕热、多汗、皮肤潮湿、低热、消瘦、食欲亢进、易饥饿、乏力。神经系统：易激动、烦躁、失眠、手抖、腱反射亢进。心血管系统：心悸、心动过速、心律失常（房颤多见）、脉压增大、心脏扩大、心力衰竭。消化系统：多食易饥、大便次数增多、腹泻、肝大、肝功能异常。肌肉骨骼系统：肌无力、肌萎缩、周期性麻痹（多见于男性）。生殖系统：女性月经稀少或闭经，男性阳痿、乳房发育。', '甲状腺危象：高热（>39℃）、心动过速（>140次/分）、大汗、烦躁、恶心、呕吐、腹泻、脱水、休克、意识障碍、昏迷，可危及生命。甲亢性心脏病：心脏扩大、心律失常、心力衰竭。甲亢性肌病：急性肌无力、周期性麻痹、重症肌无力。甲亢性眼病：眼球突出、眼睑退缩、眼睑水肿、结膜充血、眼球活动受限、复视、视力下降。', '2025-02-25 23:42:16', '2025-02-25 23:42:16');
INSERT INTO `illness` VALUES (15, 54, '痛风', '高尿酸血症（尿酸生成过多或排泄减少）、遗传因素、肥胖、高嘌呤饮食（如动物内脏、海鲜、浓肉汤）、饮酒（尤其是啤酒）、药物（如利尿剂、阿司匹林、环孢素）、高血压、糖尿病、肾脏疾病、代谢综合征、肿瘤、放化疗等。', '急性痛风性关节炎：突发关节红、肿、热、痛，疼痛剧烈如刀割样，夜间发作多见，最常累及第一跖趾关节，也可累及踝、膝、腕、肘等关节，可伴有发热、乏力。发作持续数天至数周可自行缓解，进入间歇期。慢性痛风性关节炎：反复发作，关节畸形、活动受限，可形成痛风石（皮下结节，破溃后排出白色粉末状尿酸盐结晶）。', '痛风石：尿酸盐结晶沉积在关节、软组织、肾脏等部位，形成结节，可导致关节破坏、畸形、功能障碍。痛风性肾病：尿酸盐结晶沉积在肾脏，导致间质性肾炎、肾结石、肾功能不全，甚至尿毒症。尿酸性肾结石：肾绞痛、血尿、尿路梗阻、感染。急性肾衰竭：大量尿酸盐结晶堵塞肾小管，导致少尿、无尿、氮质血症。', '2025-02-25 23:42:16', '2025-02-25 23:42:16');

-- 泌尿系统疾病
INSERT INTO `illness` VALUES (16, 55, '肾炎', '链球菌感染后（如咽炎、皮肤感染）、其他细菌或病毒感染、自身免疫性疾病（如系统性红斑狼疮、过敏性紫癜）、药物、肿瘤、遗传因素等。免疫复合物沉积在肾小球，导致炎症反应。', '急性肾炎：血尿（肉眼血尿或镜下血尿）、蛋白尿、水肿（眼睑、颜面、下肢）、高血压、少尿、乏力、恶心、呕吐。慢性肾炎：蛋白尿、血尿、水肿、高血压、肾功能减退，可伴有贫血、乏力、食欲减退。', '急性肾衰竭：少尿或无尿、水肿、高血压、心力衰竭、电解质紊乱、酸中毒、意识障碍。肾病综合征：大量蛋白尿（>3.5g/24h）、低蛋白血症（血浆白蛋白<30g/L）、高度水肿、高脂血症。急进性肾炎：病情进展迅速，数周至数月内出现少尿、无尿、肾功能急剧恶化，预后差。', '2025-02-25 23:42:16', '2025-02-25 23:42:16');
INSERT INTO `illness` VALUES (17, 55, '尿路感染', '细菌感染（大肠杆菌最常见）、尿路梗阻（如结石、肿瘤、前列腺增生）、膀胱输尿管反流、妊娠、糖尿病、免疫力低下、导尿、泌尿系统器械检查、性生活、女性解剖特点（尿道短而直）、绝经后雌激素水平下降等。', '下尿路感染（膀胱炎、尿道炎）：尿频、尿急、尿痛、下腹部不适、排尿困难、尿液混浊、血尿。上尿路感染（肾盂肾炎）：寒战、高热、腰痛、肾区叩击痛，可伴有恶心、呕吐、尿路刺激症状。', '复杂性尿路感染：伴有尿路梗阻、结石、糖尿病、免疫力低下、妊娠、导尿等危险因素，治疗困难，易复发。肾周脓肿：高热、腰痛、肾区饱满、压痛，B超或CT可见肾周积液。败血症：细菌入血，出现寒战、高热、休克、多器官功能衰竭。慢性肾盂肾炎：反复发作，可导致肾小管功能损害、肾间质纤维化、肾功能不全。', '2025-02-25 23:42:16', '2025-02-25 23:42:16');
INSERT INTO `illness` VALUES (18, 55, '肾结石', '代谢异常（高钙尿症、高草酸尿症、高尿酸尿症、低枸橼酸尿症）、尿路梗阻、感染、异物、药物（如磺胺类、头孢曲松、维生素D）、遗传因素、地理环境、饮食习惯（高蛋白、高盐、高嘌呤饮食，饮水不足）、肥胖、甲状旁腺功能亢进等。', '疼痛：肾绞痛（突发腰部剧烈疼痛，呈刀割样，向同侧下腹部、腹股沟、大腿内侧放射，可伴有恶心、呕吐、大汗）、钝痛或隐痛。血尿：肉眼血尿或镜下血尿，常在疼痛后出现。其他：尿频、尿急、尿痛、排尿困难、发热、寒战（合并感染时）。', '肾绞痛：疼痛剧烈，难以忍受，需急诊处理。梗阻性肾病：结石堵塞尿路，导致肾积水、肾功能损害，甚至尿毒症。感染：肾盂肾炎、肾积脓、败血症。急性肾衰竭：双侧尿路梗阻或孤立肾梗阻，导致少尿、无尿。输尿管石街：体外冲击波碎石后，大量碎石堆积在输尿管，引起梗阻。', '2025-02-25 23:42:16', '2025-02-25 23:42:16');

-- 骨骼肌肉系统疾病
INSERT INTO `illness` VALUES (19, 56, '关节炎', '年龄增长、肥胖、关节损伤、遗传因素、免疫异常（类风湿关节炎）、感染、代谢异常（痛风）、内分泌疾病、职业因素（长期负重、重复性动作）、运动损伤等。', '关节疼痛、肿胀、压痛、活动受限、晨僵（早晨关节僵硬，活动后缓解）、关节畸形、关节活动时有摩擦感或响声。类风湿关节炎：对称性多关节受累，以小关节为主（手、腕、足），可伴有发热、乏力、体重下降。骨关节炎：负重关节（膝、髋、脊柱）受累，活动后疼痛加重，休息后缓解。', '类风湿结节：皮下结节，多见于肘部、前臂伸侧。类风湿血管炎：皮肤溃疡、指端坏死、周围神经病变。肺间质病变：干咳、呼吸困难。心血管病变：心包炎、心肌炎、心内膜炎。费尔蒂综合征：类风湿关节炎合并脾大、中性粒细胞减少。骨关节炎：关节内游离体、骨赘形成、关节间隙狭窄。', '2025-02-25 23:42:16', '2025-02-25 23:42:16');
INSERT INTO `illness` VALUES (20, 56, '骨质疏松', '年龄增长（女性绝经后雌激素水平下降）、遗传因素、营养因素（钙、维生素D缺乏）、缺乏运动、吸烟、酗酒、咖啡因摄入过多、长期使用糖皮质激素、甲状腺功能亢进、甲状旁腺功能亢进、慢性肾脏疾病、风湿性疾病、肿瘤、长期卧床等。', '疼痛：腰背疼痛或全身骨痛，负重后加重，活动受限。脊柱变形：身高缩短、驼背、脊柱侧弯。骨折：轻微外力或日常活动即可发生骨折，常见部位为椎体、髋部、腕部、肋骨，可导致剧烈疼痛、畸形、功能障碍。', '脆性骨折：低能量损伤（如跌倒、提重物）导致的骨折，是骨质疏松最严重的后果。椎体压缩性骨折：腰背痛、身高缩短、驼背，可压迫脊髓或神经根，导致下肢麻木、无力、大小便障碍。髋部骨折：致残率高，死亡率高，需手术治疗，长期卧床可导致肺部感染、压疮、深静脉血栓等并发症。', '2025-02-25 23:42:16', '2025-02-25 23:42:16');
INSERT INTO `illness` VALUES (21, 56, '腰椎间盘突出', '年龄增长（椎间盘退变）、长期弯腰、负重、久坐、久站、不良姿势、外伤、遗传因素、肥胖、吸烟、妊娠等。', '腰痛：急性或慢性腰痛，可向臀部、大腿后侧、小腿外侧、足部放射（坐骨神经痛），咳嗽、打喷嚏、用力时加重，平卧时减轻。下肢麻木、感觉异常、肌力下降、反射减弱。马尾神经受压：大小便功能障碍、鞍区感觉麻木、双下肢无力。', '巨大椎间盘突出：严重压迫神经根或马尾神经，导致剧烈疼痛、下肢瘫痪、大小便失禁，需急诊手术。中央型突出：压迫马尾神经，出现双下肢症状、鞍区麻木、大小便障碍。游离型突出：髓核脱出游离，可向上或向下移动，压迫不同节段神经。钙化型突出：椎间盘钙化，与神经根粘连，保守治疗效果差。', '2025-02-25 23:42:16', '2025-02-25 23:42:16');

-- 皮肤疾病
INSERT INTO `illness` VALUES (22, 57, '湿疹', '遗传因素（过敏体质）、环境因素（如气候变化、干燥、炎热、出汗）、接触过敏原（如化妆品、洗涤剂、金属、染料）、食物过敏（如牛奶、鸡蛋、海鲜、坚果）、精神紧张、内分泌失调、感染、免疫功能紊乱等。', '急性湿疹：红斑、丘疹、水疱、糜烂、渗出、结痂，剧烈瘙痒。亚急性湿疹：红肿、渗出减轻，出现鳞屑、结痂。慢性湿疹：皮肤增厚、粗糙、苔藓样变、色素沉着或减退，瘙痒剧烈。好发于面部、耳后、手部、四肢屈侧、外阴、肛门等处。', '继发感染：搔抓导致皮肤破损，继发细菌感染（如金黄色葡萄球菌），出现脓疱、脓痂、发热。接触性皮炎：接触特定物质后出现湿疹样改变。自身敏感性皮炎：原发灶加重或处理不当，导致全身泛发湿疹样皮疹。乏脂性湿疹：皮肤干燥、脱屑、裂纹，多见于老年人冬季。', '2025-02-25 23:42:16', '2025-02-25 23:42:16');
INSERT INTO `illness` VALUES (23, 57, '银屑病', '遗传因素、免疫异常、感染（如链球菌感染、HIV感染）、药物（如β受体阻滞剂、锂盐、抗疟药）、外伤、精神紧张、吸烟、饮酒、肥胖、内分泌因素、气候因素等。', '典型皮损：红色丘疹或斑块，表面覆盖银白色鳞屑，刮除鳞屑可见薄膜现象和点状出血。好发于头皮、四肢伸侧、腰骶部，可累及指甲（甲板点状凹陷、增厚、变色）、关节（关节疼痛、肿胀、畸形）。瘙痒程度不一。', '脓疱型银屑病：全身或局部出现无菌性脓疱，可伴有高热、寒战、白细胞升高。红皮病型银屑病：全身皮肤弥漫性潮红、肿胀、脱屑，可伴有发热、脱水、电解质紊乱、心力衰竭。关节病型银屑病：关节疼痛、肿胀、畸形，可类似类风湿关节炎，但类风湿因子阴性。银屑病甲：甲板增厚、浑浊、点状凹陷、甲剥离。', '2025-02-25 23:42:16', '2025-02-25 23:42:16');
INSERT INTO `illness` VALUES (24, 57, '痤疮', '雄激素水平升高、皮脂腺分泌旺盛、毛囊皮脂腺导管角化异常、痤疮丙酸杆菌繁殖、炎症反应、遗传因素、饮食（高糖、高脂、乳制品）、精神压力、化妆品、药物（如糖皮质激素、锂盐）、月经周期、环境因素等。', '粉刺（白头粉刺、黑头粉刺）、炎性丘疹、脓疱、结节、囊肿，好发于面部、胸背部等皮脂腺丰富部位。根据严重程度分为轻度（粉刺为主）、中度（炎性丘疹、脓疱）、重度（结节、囊肿）。可遗留色素沉着、瘢痕。', '聚合性痤疮：严重类型，多发性结节、囊肿、脓肿，相互融合，形成窦道和瘢痕，好发于男性。暴发性痤疮：突然出现大量炎性结节、脓疱，伴有发热、关节痛、白细胞升高。瘢痕疙瘩性痤疮：炎症消退后形成肥厚性瘢痕或瘢痕疙瘩。反常性痤疮（化脓性汗腺炎）：腋窝、腹股沟、肛周反复出现结节、脓肿、窦道、瘢痕。', '2025-02-25 23:42:16', '2025-02-25 23:42:16');

-- 眼科疾病
INSERT INTO `illness` VALUES (25, 58, '白内障', '年龄增长（老年性白内障）、遗传因素、外伤、辐射、中毒、代谢性疾病（如糖尿病、低钙血症）、眼部疾病（如葡萄膜炎、青光眼）、长期使用糖皮质激素、吸烟、饮酒、紫外线照射、营养不良等。', '视力逐渐下降，无痛性、进行性，可出现视物模糊、眩光、复视、多视、色觉改变、老花眼减轻、近视加深。核性白内障：早期近视度数增加，远视力下降。皮质性白内障：视力下降，眩光明显。后囊下白内障：早期即可影响视力，尤其在强光下。', '过熟期白内障：晶状体皮质液化，核下沉，可导致晶状体溶解性青光眼、晶状体过敏性葡萄膜炎。继发性青光眼：晶状体膨胀，前房变浅，房角关闭。晶状体脱位：外伤性或自发性晶状体脱位，可导致继发性青光眼、视网膜脱离。并发性白内障：合并其他眼部疾病，如葡萄膜炎、青光眼、视网膜脱离，治疗复杂。', '2025-02-25 23:42:16', '2025-02-25 23:42:16');
INSERT INTO `illness` VALUES (26, 58, '青光眼', '眼压升高（房水产生过多或排出受阻）、遗传因素、年龄增长、近视、远视、眼部外伤、眼部手术、炎症、肿瘤、血管疾病、长期使用糖皮质激素、糖尿病、高血压等。', '急性闭角型青光眼：突发眼痛、头痛、恶心、呕吐、视力急剧下降、眼红、虹视（看灯光有彩虹圈）、瞳孔散大。慢性闭角型青光眼：轻度眼胀、头痛、虹视，视力逐渐下降。开角型青光眼：早期无症状，晚期出现视野缺损、视力下降。', '急性闭角型青光眼急性发作：眼压急剧升高，可导致角膜水肿、虹膜萎缩、瞳孔散大固定、视神经萎缩，如不及时治疗可致失明。正常眼压性青光眼：眼压正常，但出现青光眼性视神经损害和视野缺损。先天性青光眼：婴幼儿出现畏光、流泪、眼睑痉挛、眼球增大、角膜混浊。新生血管性青光眼：继发于视网膜缺血性疾病（如糖尿病视网膜病变、视网膜静脉阻塞），眼压难以控制，疼痛剧烈。', '2025-02-25 23:42:16', '2025-02-25 23:42:16');
INSERT INTO `illness` VALUES (27, 58, '近视', '遗传因素、长时间近距离用眼、户外活动不足、照明不足、阅读姿势不正确、营养因素、疾病（如糖尿病）、药物（如糖皮质激素）、眼部手术等。眼轴过长或屈光力过强，导致平行光线聚焦在视网膜前。', '远视力下降，近视力正常，看远处物体模糊，需眯眼或靠近物体。可伴有视疲劳、眼干、头痛、外斜视。高度近视：眼底出现豹纹状改变、视盘颞侧弧形斑、黄斑出血、黄斑萎缩、视网膜劈裂、视网膜脱离。', '高度近视并发症：视网膜脱离（眼前黑影飘动、闪光感、视野缺损）、黄斑出血（中心视力突然下降、视物变形）、黄斑萎缩（中心视力进行性下降）、青光眼（眼压升高、视野缺损）、白内障（晶状体混浊、视力下降）。病理性近视：眼轴进行性延长，眼底出现进行性病变，视力严重受损。后巩膜葡萄肿：眼球后极部向后突出，可导致黄斑病变、视神经损害。', '2025-02-25 23:42:16', '2025-02-25 23:42:16');

-- 耳鼻喉科疾病
INSERT INTO `illness` VALUES (28, 59, '中耳炎', '上呼吸道感染、咽鼓管功能障碍、腺样体肥大、过敏、鼻窦炎、吸烟、气候变化、游泳、免疫力低下、婴幼儿解剖特点（咽鼓管短、平、宽）等。', '急性中耳炎：耳痛（剧烈，可放射至同侧头部）、听力下降、耳鸣、耳闷胀感、发热、烦躁不安（婴幼儿）、耳流脓（鼓膜穿孔后）。慢性中耳炎：长期耳流脓（黏液性或脓性，可伴有臭味）、听力下降、耳鸣、眩晕。分泌性中耳炎：听力下降、耳闷、耳鸣，无耳痛、耳流脓。', '急性乳突炎：中耳炎向乳突气房蔓延，出现耳后红肿、疼痛、压痛，可形成脓肿。颅内并发症：脑膜炎、脑脓肿、乙状窦血栓性静脉炎，出现高热、头痛、呕吐、意识障碍。面瘫：炎症侵犯面神经，导致同侧面瘫。迷路炎：眩晕、恶心、呕吐、平衡障碍。胆脂瘤：中耳内角化上皮堆积，可破坏骨质，导致听力丧失、面瘫、颅内并发症。', '2025-02-25 23:42:16', '2025-02-25 23:42:16');
INSERT INTO `illness` VALUES (29, 59, '扁桃体炎', '细菌感染（如溶血性链球菌、金黄色葡萄球菌）、病毒感染（如腺病毒、流感病毒）、免疫力低下、受凉、劳累、烟酒刺激、邻近器官炎症（如鼻炎、鼻窦炎）等。', '急性扁桃体炎：咽痛（吞咽时加重，可放射至耳部）、发热、畏寒、头痛、乏力、食欲不振。检查见扁桃体充血、肿大，表面可有脓点或脓苔。慢性扁桃体炎：咽部不适、异物感、口臭、刺激性咳嗽、扁桃体肥大（可影响呼吸、吞咽）、反复急性发作。', '扁桃体周围脓肿：急性扁桃体炎向周围扩散，形成脓肿，出现剧烈咽痛、张口困难、言语含糊、流涎、发热。咽旁脓肿：咽旁间隙感染，出现咽侧壁隆起、颈部肿胀、疼痛、张口困难。风湿热：链球菌感染后2-3周出现发热、关节炎、心脏炎、舞蹈病、皮下结节。急性肾小球肾炎：链球菌感染后1-3周出现血尿、蛋白尿、水肿、高血压。', '2025-02-25 23:42:16', '2025-02-25 23:42:16');
INSERT INTO `illness` VALUES (30, 59, '过敏性鼻炎', '遗传因素（过敏体质）、接触过敏原（如花粉、尘螨、霉菌、动物皮屑、蟑螂）、空气污染、气候变化、吸烟、感染、药物、食物过敏等。', '鼻痒、阵发性喷嚏（连续多个）、清水样鼻涕、鼻塞、嗅觉减退。可伴有眼痒、流泪、眼红（过敏性结膜炎）、咽痒、咳嗽、耳闷。季节性过敏性鼻炎：症状在特定季节发作，如春季花粉过敏。常年性过敏性鼻炎：症状全年存在，时轻时重。', '支气管哮喘：过敏性鼻炎患者约40%合并哮喘，出现喘息、气促、胸闷、咳嗽。鼻窦炎：鼻塞、脓涕、头痛、嗅觉减退。分泌性中耳炎：耳闷、听力下降、耳鸣。过敏性咽喉炎：咽痒、咳嗽、异物感。睡眠呼吸暂停：鼻塞导致夜间打鼾、呼吸暂停、白天嗜睡。', '2025-02-25 23:42:16', '2025-02-25 23:42:16');

-- 妇科疾病
INSERT INTO `illness` VALUES (31, 60, '子宫肌瘤', '雌激素水平过高、遗传因素、种族（黑人女性发病率高）、年龄（30-50岁）、肥胖、未生育、初潮年龄早、多囊卵巢综合征、激素替代治疗等。', '多数患者无症状，仅在体检时发现。症状与肌瘤部位、大小、数目有关：月经改变（经量增多、经期延长、周期缩短）、下腹包块、白带增多、压迫症状（尿频、排尿困难、便秘、下腹坠胀）、疼痛（下腹坠痛、腰酸背痛）、不孕、流产。', '肌瘤变性：红色变性（妊娠期或产褥期，剧烈腹痛、发热）、玻璃样变、囊性变、钙化、肉瘤变（恶变，发生率低）。蒂扭转：浆膜下肌瘤蒂扭转，突发下腹剧痛，需急诊手术。感染：黏膜下肌瘤脱出阴道，继发感染，出现脓性白带、发热。贫血：月经过多导致继发性贫血，出现乏力、头晕、心悸。不孕：肌瘤压迫输卵管或影响宫腔形态，导致不孕或流产。', '2025-02-25 23:42:16', '2025-02-25 23:42:16');
INSERT INTO `illness` VALUES (32, 60, '盆腔炎', '性传播感染（如淋病奈瑟菌、沙眼衣原体）、阴道菌群失调、宫腔操作（如人工流产、刮宫、输卵管通液）、经期卫生不良、邻近器官炎症蔓延（如阑尾炎、腹膜炎）、免疫力低下等。', '下腹痛（持续性，活动或性交后加重）、发热、阴道分泌物增多（脓性）、月经异常（经量增多、经期延长）、不孕、异位妊娠、慢性盆腔痛。急性盆腔炎：症状明显，可伴有寒战、高热、恶心、呕吐。慢性盆腔炎：症状较轻，但反复发作，可导致输卵管粘连、阻塞。', '盆腔脓肿：炎症包裹形成脓肿，出现持续高热、下腹包块、压痛，可破裂导致弥漫性腹膜炎。输卵管卵巢脓肿：输卵管和卵巢形成脓肿，需手术治疗。败血症：细菌入血，出现寒战、高热、休克、多器官功能衰竭。不孕：输卵管粘连、阻塞，导致不孕。异位妊娠：输卵管炎症导致管腔狭窄，受精卵着床在输卵管，发生异位妊娠。慢性盆腔痛：炎症反复发作，导致盆腔粘连，出现长期下腹坠痛、腰骶部酸痛。', '2025-02-25 23:42:16', '2025-02-25 23:42:16');
INSERT INTO `illness` VALUES (33, 60, '多囊卵巢综合征', '遗传因素、胰岛素抵抗、高雄激素血症、下丘脑-垂体-卵巢轴功能紊乱、肥胖、环境因素、精神压力等。', '月经失调（月经稀发、闭经、不规则出血）、不孕、多毛（上唇、下颌、乳晕、下腹）、痤疮、脱发、肥胖（中心性肥胖）、黑棘皮症（颈后、腋下、腹股沟皮肤色素沉着）。', '代谢综合征：胰岛素抵抗、糖耐量异常、糖尿病、高脂血症、高血压、心血管疾病风险增加。子宫内膜癌：长期无排卵，子宫内膜受雌激素持续刺激，缺乏孕激素拮抗，导致子宫内膜增生过长，甚至癌变。妊娠并发症：流产、妊娠期糖尿病、妊娠期高血压疾病、早产风险增加。非酒精性脂肪性肝病：胰岛素抵抗导致肝脂肪变性，可进展为脂肪性肝炎、肝硬化。', '2025-02-25 23:42:16', '2025-02-25 23:42:16');

-- 肿瘤疾病
-- 继续完成肺癌的插入语句
INSERT INTO `illness` VALUES (34, 61, '肺癌', '吸烟（最主要原因）、二手烟、空气污染（如PM2.5）、职业暴露（如石棉、砷、铬、镍、煤焦油）、遗传因素、肺部慢性疾病（如肺结核、慢性阻塞性肺疾病）、电离辐射、饮食因素、免疫力低下等。', '早期可无症状，或仅有咳嗽、咳痰、胸痛、咯血等非特异性症状。中央型肺癌：刺激性干咳、痰中带血、胸闷、气促。周围型肺癌：早期无症状，晚期出现胸痛、咳嗽、咯血。肺外症状：骨关节疼痛、杵状指、男性乳房发育、库欣综合征、高钙血症、神经肌肉综合征等。转移症状：脑转移（头痛、呕吐、偏瘫）、骨转移（骨痛、病理性骨折）、肝转移（肝大、黄疸、腹水）、淋巴结转移（锁骨上淋巴结肿大）。', '上腔静脉综合征：肿瘤压迫上腔静脉，导致头面部、颈部、上肢水肿，颈静脉怒张，胸壁静脉曲张，呼吸困难。Horner综合征：肺上沟瘤压迫颈交感神经，出现同侧眼睑下垂、瞳孔缩小、眼球内陷、面部无汗。Pancoast综合征：肺上沟瘤侵犯臂丛神经，出现肩部、上肢疼痛、肌肉萎缩。', '2025-02-25 23:42:16', '2025-02-25 23:42:16');

-- 继续完成其他疾病
INSERT INTO `illness` VALUES (35, 61, '胃癌', '幽门螺杆菌感染、吸烟、饮酒、高盐饮食、腌制食品、烧烤食物、熏制食品、霉变食物、遗传因素、慢性萎缩性胃炎、胃息肉、胃溃疡、恶性贫血、A型血、肥胖、职业暴露（如煤矿、橡胶、木材加工）、EB病毒感染、胃切除术后等。', '早期症状不典型，如上腹不适、饱胀、隐痛、嗳气、反酸、食欲减退。进展期胃癌：上腹痛、体重下降、乏力、恶心、呕吐、黑便、呕血。体征：上腹压痛、包块、左锁骨上淋巴结肿大、腹水、黄疸。', '皮革胃：弥漫浸润型胃癌，胃壁僵硬，蠕动消失，似皮革囊袋，表现为早饱、腹胀、呕吐。贲门癌：吞咽困难、胸骨后疼痛、食物反流。幽门梗阻：胃出口梗阻，出现上腹胀痛、呕吐宿食、振水音阳性。胃癌穿孔：突发剧烈腹痛，腹肌紧张，压痛反跳痛。胃癌肝转移：肝大、黄疸、腹水、肝功能异常。胃癌腹膜种植：腹水、腹部包块、肠梗阻。', '2025-02-25 23:42:16', '2025-02-25 23:42:16');

INSERT INTO `illness` VALUES (36, 61, '肝癌', '乙型肝炎病毒（HBV）感染、丙型肝炎病毒（HCV）感染、肝硬化、黄曲霉毒素、长期饮酒、非酒精性脂肪性肝病、遗传代谢性疾病（如血色病、α1-抗胰蛋白酶缺乏症）、吸烟、糖尿病、肥胖、遗传因素、氯乙烯、二氧化钍、口服避孕药、雄激素等。', '早期可无症状，或仅有肝区不适、乏力、食欲减退。中晚期肝癌：肝区疼痛（持续性钝痛或刺痛）、肝大、质地坚硬、表面结节、黄疸、腹水、消瘦、发热、食欲不振、恶心、呕吐。转移症状：肺转移（咳嗽、咯血）、骨转移（骨痛、病理性骨折）、脑转移（头痛、呕吐、偏瘫）。', '肝癌破裂出血：突发剧烈腹痛、腹胀、腹部压痛、肌紧张、移动性浊音阳性，可导致失血性休克、死亡。上消化道出血：门静脉高压或肝癌侵犯胃、食管静脉，导致呕血、黑便。肝性脑病：肝癌晚期肝功能衰竭，出现性格行为改变、意识障碍、扑翼样震颤、昏迷。肝肾综合征：少尿、无尿、氮质血症。癌栓形成：门静脉、肝静脉、下腔静脉癌栓，导致门静脉高压加重、布加综合征。', '2025-02-25 23:42:16', '2025-02-25 23:42:16');

INSERT INTO `illness` VALUES (37, 62, '抑郁症', '遗传因素、神经生化因素（5-羟色胺、去甲肾上腺素、多巴胺等神经递质失衡）、神经内分泌因素（下丘脑-垂体-肾上腺轴功能亢进）、脑结构功能异常、心理社会因素（如应激性生活事件、童年创伤、人际关系紧张）、人格特质（如神经质、完美主义）、躯体疾病、药物、物质滥用等。', '核心症状：情绪低落（持续至少2周）、兴趣减退或快感缺失。心理症状：思维迟缓、注意力不集中、记忆力下降、自责自罪、无价值感、悲观绝望、自杀观念或行为。躯体症状：失眠（早醒为特征）或睡眠过多、食欲下降或增加、体重变化、乏力、精力减退、性欲减退、各种躯体不适（如头痛、背痛、胸闷、心悸、胃肠不适）。', '木僵：严重时出现不语、不动、不食，肌张力增高，大小便潴留。精神病性症状：出现幻觉、妄想，多为罪恶妄想、贫穷妄想、虚无妄想、被害妄想。季节性抑郁：秋冬季节发作，春季缓解，与光照减少有关。产后抑郁：产后4周内发病，情绪低落、焦虑、对婴儿缺乏兴趣、自责、自杀念头。老年抑郁：躯体症状突出，认知功能损害明显，易误诊为痴呆。', '2025-02-25 23:42:16', '2025-02-25 23:42:16');

INSERT INTO `illness` VALUES (38, 62, '焦虑症', '遗传因素、神经生化因素（γ-氨基丁酸、5-羟色胺、去甲肾上腺素异常）、神经内分泌因素、脑区功能异常、人格特质（如神经质、回避型人格）、心理因素（如童年创伤、应激事件）、躯体疾病、药物、物质滥用等。', '精神性焦虑：过度担忧、紧张、恐惧、易怒、注意力不集中、警觉性增高。躯体性焦虑：心悸、胸闷、气短、出汗、颤抖、头晕、口干、尿频、腹泻、肌肉紧张。运动性不安：坐立不安、搓手顿足、来回走动。', '惊恐发作：突然发作的强烈恐惧或不适，伴心悸、出汗、颤抖、气短、窒息感、胸痛、恶心、头晕、现实解体、濒死感、失控感，持续数分钟至半小时。场所恐惧症：对特定场所（如人群、广场、密闭空间、交通工具）恐惧，担心发作时无法逃离或得不到帮助。预期焦虑：担心再次发作，导致回避行为。继发抑郁：长期焦虑可导致抑郁症状。', '2025-02-25 23:42:16', '2025-02-25 23:42:16');

INSERT INTO `illness` VALUES (39, 62, '精神分裂症', '遗传因素、神经生化假说（多巴胺功能亢进、谷氨酸功能不足）、神经发育异常、脑结构异常、围产期损伤、病毒感染、免疫因素、心理社会因素、物质滥用等。', '阳性症状：幻觉（幻听最常见，如评论性、争论性、命令性幻听）、妄想（被害妄想、关系妄想、被控制感、思维播散、思维被插入）、思维形式障碍（思维散漫、思维破裂）、行为紊乱。阴性症状：情感淡漠、思维贫乏、意志减退、社交退缩。认知症状：注意力、记忆、执行功能损害。', '紧张综合征：紧张性木僵（不语、不动、不食、违拗、蜡样屈曲）、紧张性兴奋（冲动、攻击、毁物）。衰退症状：长期病程后出现社会功能严重受损，生活不能自理。自杀：约5-10%患者死于自杀，尤其在疾病早期、抑郁状态时。暴力行为：受幻觉妄想支配，可出现攻击行为。共病：常合并物质滥用、抑郁、焦虑。', '2025-02-25 23:42:16', '2025-02-25 23:42:16');

INSERT INTO `illness` VALUES (40, 63, '贫血', '红细胞生成不足（缺铁、缺乏叶酸或维生素B12、骨髓造血功能障碍）、红细胞破坏过多（溶血性贫血）、失血（急慢性失血）、慢性疾病（感染、肿瘤、风湿性疾病、肾功能不全）、遗传因素等。', '皮肤黏膜苍白、乏力、头晕、头痛、耳鸣、眼花、心悸、气短、食欲减退、恶心、腹胀、月经失调。溶血性贫血：黄疸、脾大、血红蛋白尿。缺铁性贫血：异食癖、反甲、舌炎。巨幼细胞性贫血：舌痛、舌乳头萎缩、神经系统症状（对称性麻木、深感觉障碍、共济失调）。再生障碍性贫血：出血、感染。', '溶血危象：急性溶血，出现寒战、高热、腰背痛、血红蛋白尿、黄疸、贫血加重、急性肾衰竭。再生障碍性贫血危象：全血细胞减少，严重感染、出血。缺铁性贫血：婴幼儿可导致智力发育障碍、行为异常。巨幼细胞性贫血：神经系统损害不可逆。慢性病贫血：原发病表现突出。', '2025-02-25 23:42:16', '2025-02-25 23:42:16');

INSERT INTO `illness` VALUES (41, 63, '白血病', '遗传因素、化学物质（苯、烷化剂）、电离辐射、病毒感染（如HTLV-1、EB病毒）、免疫功能异常、遗传性疾病（如Down综合征、Fanconi贫血）、吸烟、既往化疗等。', '正常造血抑制表现：贫血（苍白、乏力）、出血（皮肤瘀点瘀斑、鼻出血、牙龈出血）、感染（发热、常见口腔、肺部、肛周感染）。白血病细胞浸润表现：肝脾淋巴结肿大、骨关节疼痛、牙龈增生、皮肤结节、中枢神经系统浸润（头痛、呕吐、颈强直）、睾丸肿大。', '高白细胞血症：白细胞极度增高，导致白细胞淤滞，出现呼吸困难、意识障碍、阴茎异常勃起。弥散性血管内凝血（DIC）：急性早幼粒细胞白血病常见，广泛出血、休克、器官衰竭。肿瘤溶解综合征：化疗后大量肿瘤细胞溶解，导致高钾、高磷、低钙、高尿酸、急性肾衰竭。中枢神经系统白血病：头痛、呕吐、视乳头水肿、颅神经麻痹、瘫痪。', '2025-02-25 23:42:16', '2025-02-25 23:42:16');

INSERT INTO `illness` VALUES (42, 63, '血友病', '遗传因素（X连锁隐性遗传）、基因突变。缺乏凝血因子Ⅷ（血友病A）或凝血因子Ⅸ（血友病B）。', '出血倾向：自幼发病，轻微损伤后出血不止，常有关节出血（血友病关节）、肌肉血肿、软组织出血、手术或外伤后出血不止。关节出血：最常见，反复出血导致关节肿胀、疼痛、活动受限，晚期关节畸形、强直、肌肉萎缩。肌肉血肿：常见于髂腰肌、腓肠肌、前臂肌，可压迫神经血管。', '中枢神经系统出血：最危险，可危及生命，出现头痛、呕吐、意识障碍、偏瘫。喉部出血：可导致窒息。腹膜后出血：大量失血、腹痛、腹膜炎。假肿瘤：肌肉血肿包裹、机化、侵蚀骨质，形成假肿瘤。抑制物产生：反复输注凝血因子后产生抗体，导致治疗效果下降。', '2025-02-25 23:42:16', '2025-02-25 23:42:16');

INSERT INTO `illness` VALUES (43, 64, '系统性红斑狼疮', '遗传因素、雌激素、环境因素（紫外线、感染、药物、化学物质）、免疫异常等。自身抗体产生，免疫复合物沉积，导致多器官损害。', '全身症状：发热、乏力、体重下降。皮肤黏膜损害：蝶形红斑、盘状红斑、光过敏、口腔溃疡、脱发。关节肌肉症状：关节炎、关节痛、肌痛、肌炎。肾脏损害：蛋白尿、血尿、管型尿、水肿、高血压、肾功能不全。神经系统损害：头痛、癫痫、精神障碍、脑血管意外。血液系统损害：贫血、白细胞减少、血小板减少。心血管损害：心包炎、心肌炎、心内膜炎。', '狼疮危象：急性发作，高热、全身中毒症状，多器官功能损害，可危及生命。狼疮肾炎：蛋白尿>3.5g/24h，低蛋白血症，水肿，高血压，肾功能减退。神经精神狼疮：癫痫、精神症状、脑血管病、脊髓炎、周围神经病。抗磷脂抗体综合征：血栓形成、习惯性流产、血小板减少。灾难性抗磷脂综合征：短期内多部位血栓形成，多器官功能衰竭。', '2025-02-25 23:42:16', '2025-02-25 23:42:16');

INSERT INTO `illness` VALUES (44, 64, '类风湿关节炎', '遗传因素、环境因素（如吸烟、感染）、免疫异常、内分泌因素、神经因素等。', '关节症状：对称性多关节炎，最常累及腕、掌指、近端指间关节，表现为关节疼痛、肿胀、晨僵（>1小时）、活动受限，晚期关节畸形（天鹅颈、纽扣花、尺侧偏斜）。关节外症状：类风湿结节（肘部、前臂伸侧）、血管炎（皮肤溃疡、指端坏死、周围神经病）、肺间质病变、胸膜炎、心包炎、巩膜炎、干燥综合征、Felty综合征。', '关节畸形：晚期出现关节强直、半脱位、畸形，功能丧失。血管炎：皮肤溃疡、坏疽、内脏血管炎（肠系膜、冠状动脉、肾动脉）。肺间质纤维化：进行性呼吸困难、干咳、杵状指。心脏损害：心包炎、心肌炎、心内膜炎、传导阻滞。高黏度综合征：IgM增高，导致血液黏稠，出现头晕、视力模糊、出血倾向。', '2025-02-25 23:42:16', '2025-02-25 23:42:16');

INSERT INTO `illness` VALUES (45, 65, '艾滋病', 'HIV病毒感染，通过性接触、血液、母婴传播。', '急性期：感染后2-4周，发热、咽痛、皮疹、淋巴结肿大、乏力，持续1-3周。无症状期：可持续6-8年，无特异性症状。艾滋病期：持续发热、盗汗、腹泻、体重下降、淋巴结肿大，各种机会性感染（肺孢子菌肺炎、结核、隐球菌脑膜炎、巨细胞病毒感染、弓形虫病）、肿瘤（卡波西肉瘤、淋巴瘤）、神经系统损害。', '肺孢子菌肺炎：最常见的机会性感染，发热、干咳、进行性呼吸困难。中枢神经系统感染：隐球菌脑膜炎、弓形虫脑病、进行性多灶性白质脑病。消化系统感染：白色念珠菌食管炎、巨细胞病毒肠炎、隐孢子虫肠炎。眼部感染：巨细胞病毒视网膜炎，可致失明。卡波西肉瘤：皮肤黏膜紫红色结节。', '2025-02-25 23:42:16', '2025-02-25 23:42:16');

INSERT INTO `illness` VALUES (46, 65, '疟疾', '疟原虫感染，通过按蚊叮咬传播。', '周期性发作的寒战、高热、大汗，间歇期无症状。典型发作：寒战期（发冷、寒战，持续15分钟-1小时）、高热期（体温可达40℃以上，持续2-6小时）、大汗期（大汗后体温骤降，持续2-4小时）。间日疟、卵形疟：隔日发作一次。三日疟：隔两日发作一次。恶性疟：发热不规则，可每日发作。', '脑型疟：最严重，高热、头痛、呕吐、意识障碍、抽搐、昏迷，死亡率高。黑尿热：急性血管内溶血，出现寒战、高热、腰痛、酱油色尿、贫血、黄疸、急性肾衰竭。疟疾肾病：蛋白尿、血尿、水肿、高血压、肾功能不全。疟疾性脾肿大：长期反复感染，脾脏显著肿大，质地坚硬，可发生脾破裂。妊娠疟疾：可导致流产、早产、死胎、低出生体重。', '2025-02-25 23:42:16', '2025-02-25 23:42:16');

INSERT INTO `illness` VALUES (47, 65, '登革热', '登革病毒（1-4型）感染，通过伊蚊叮咬传播。', '典型登革热：突发高热（39-40℃），剧烈头痛、眼球后痛、肌肉关节痛（"碎骨样"疼痛）、皮疹（斑丘疹、猩红热样疹）、出血倾向（牙龈出血、鼻出血）、淋巴结肿大。登革出血热：高热、出血倾向（瘀点、紫癜、消化道出血、颅内出血）、血小板减少、血液浓缩。登革休克综合征：登革出血热基础上出现休克，表现为烦躁、皮肤湿冷、脉搏细速、脉压减小、低血压。', '登革休克综合征：最严重，血浆外渗导致低血容量性休克，可因多器官功能衰竭死亡。严重出血：消化道大出血、颅内出血、子宫出血。重要器官损害：心肌炎、肝炎、脑炎、急性肾衰竭。二次感染异型登革病毒：由于抗体依赖增强效应，病情更重，易发展为登革出血热/休克综合征。', '2025-02-25 23:42:16', '2025-02-25 23:42:16');


-- ----------------------------
-- Table structure for illness_kind
-- ----------------------------
DROP TABLE IF EXISTS `illness_kind`;
CREATE TABLE `illness_kind`  (
  `id` int NOT NULL AUTO_INCREMENT COMMENT '主键ID',
  `name` varchar(255) CHARACTER SET utf8mb4 COLLATE utf8mb4_0900_ai_ci NULL DEFAULT NULL COMMENT '分类名称',
  `info` varchar(255) CHARACTER SET utf8mb4 COLLATE utf8mb4_0900_ai_ci NULL DEFAULT NULL COMMENT '描述',
  `create_time` datetime NULL DEFAULT CURRENT_TIMESTAMP COMMENT '创建时间',
  `update_time` datetime NULL DEFAULT CURRENT_TIMESTAMP ON UPDATE CURRENT_TIMESTAMP COMMENT '更新时间',
  PRIMARY KEY (`id`) USING BTREE
) ENGINE = InnoDB AUTO_INCREMENT = 52 CHARACTER SET = utf8mb4 COLLATE = utf8mb4_0900_ai_ci COMMENT = '疾病种类' ROW_FORMAT = DYNAMIC;

-- ----------------------------
-- Records of illness_kind
-- ----------------------------


INSERT INTO `illness_kind` VALUES (50, '呼吸系统疾病', '影响鼻腔、咽喉、气管、支气管和肺部的疾病，常见症状包括咳嗽、咳痰、呼吸困难、胸痛等，如肺炎、支气管炎、哮喘、慢性阻塞性肺疾病等', '2025-02-25 23:42:16', '2025-02-25 23:42:16');
INSERT INTO `illness_kind` VALUES (51, '心血管系统疾病', '涉及心脏和血管的疾病，包括高血压、冠心病、心力衰竭、心律失常等，是导致死亡的主要原因之一，表现为胸闷、心悸、呼吸困难等症状', '2025-02-25 23:42:16', '2025-02-25 23:42:16');
INSERT INTO `illness_kind` VALUES (52, '消化系统疾病', '从口腔到肛门的整个消化道及相关器官（肝、胆、胰腺）的疾病，常见有胃炎、胃溃疡、肝炎、肝硬化、肠炎等，症状包括腹痛、恶心、呕吐、腹泻等', '2025-02-25 23:42:16', '2025-02-25 23:42:16');
INSERT INTO `illness_kind` VALUES (53, '神经系统疾病', '影响大脑、脊髓、周围神经的疾病，包括脑卒中、癫痫、帕金森病、阿尔茨海默病等，表现为头痛、眩晕、意识障碍、运动或感觉异常等', '2025-02-25 23:42:16', '2025-02-25 23:42:16');
INSERT INTO `illness_kind` VALUES (54, '内分泌代谢疾病', '内分泌腺体功能异常或代谢紊乱导致的疾病，如糖尿病、甲状腺疾病、痛风、肥胖症等，常表现为激素水平异常、代谢失调', '2025-02-25 23:42:16', '2025-02-25 23:42:16');
INSERT INTO `illness_kind` VALUES (55, '泌尿系统疾病', '涉及肾脏、输尿管、膀胱、尿道的疾病，包括肾炎、尿路感染、肾结石、肾功能衰竭等，常见症状为尿频、尿急、尿痛、水肿等', '2025-02-25 23:42:16', '2025-02-25 23:42:16');
INSERT INTO `illness_kind` VALUES (56, '骨骼肌肉系统疾病', '影响骨骼、关节、肌肉、韧带的疾病，如关节炎、骨质疏松、腰椎间盘突出、骨折等，表现为疼痛、肿胀、活动受限等', '2025-02-25 23:42:16', '2025-02-25 23:42:16');
INSERT INTO `illness_kind` VALUES (57, '皮肤疾病', '皮肤及其附属器的疾病，包括湿疹、银屑病、痤疮、皮炎等，表现为皮疹、瘙痒、色素改变、脱屑等症状', '2025-02-25 23:42:16', '2025-02-25 23:42:16');
INSERT INTO `illness_kind` VALUES (58, '眼科疾病', '影响眼睛和视觉系统的疾病，如白内障、青光眼、近视、结膜炎等，表现为视力下降、眼痛、眼红、畏光等', '2025-02-25 23:42:16', '2025-02-25 23:42:16');
INSERT INTO `illness_kind` VALUES (59, '耳鼻喉科疾病', '涉及耳、鼻、咽喉的疾病，包括中耳炎、鼻炎、扁桃体炎、过敏性鼻炎等，常见症状为耳痛、鼻塞、流涕、咽喉痛等', '2025-02-25 23:42:16', '2025-02-25 23:42:16');
INSERT INTO `illness_kind` VALUES (60, '妇科疾病', '女性生殖系统的疾病，包括子宫肌瘤、盆腔炎、多囊卵巢综合征、月经失调等，表现为月经异常、腹痛、不孕等症状', '2025-02-25 23:42:16', '2025-02-25 23:42:16');
INSERT INTO `illness_kind` VALUES (61, '肿瘤疾病', '细胞异常增生形成的肿块，分为良性和恶性肿瘤，如肺癌、胃癌、肝癌、乳腺癌等，可发生在全身各器官，是严重威胁健康的疾病', '2025-02-25 23:42:16', '2025-02-25 23:42:16');
INSERT INTO `illness_kind` VALUES (62, '精神心理疾病', '影响思维、情感、行为的疾病，包括抑郁症、焦虑症、精神分裂症等，表现为情绪异常、认知障碍、行为改变等', '2025-02-25 23:42:16', '2025-02-25 23:42:16');
INSERT INTO `illness_kind` VALUES (63, '血液系统疾病', '涉及血液和造血器官的疾病，如贫血、白血病、血友病、淋巴瘤等，表现为贫血、出血、感染、肝脾肿大等', '2025-02-25 23:42:16', '2025-02-25 23:42:16');
INSERT INTO `illness_kind` VALUES (64, '免疫系统疾病', '免疫系统功能异常导致的疾病，包括系统性红斑狼疮、类风湿关节炎、过敏性疾病等，表现为自身免疫反应或免疫缺陷', '2025-02-25 23:42:16', '2025-02-25 23:42:16');
INSERT INTO `illness_kind` VALUES (65, '传染病', '由病原体（细菌、病毒、真菌、寄生虫等）引起的，能在人与人、动物与动物或人与动物之间相互传播的疾病，如流感、肺结核、艾滋病、肝炎等，具有传染性和流行性', '2025-02-25 23:42:16', '2025-02-25 23:42:16');



-- ----------------------------
-- Table structure for illness_medicine
-- ----------------------------
DROP TABLE IF EXISTS `illness_medicine`;
CREATE TABLE `illness_medicine`  (
  `id` int NOT NULL AUTO_INCREMENT COMMENT '病和药品关联id',
  `illness_id` int NULL DEFAULT NULL COMMENT '病id',
  `medicine_id` int NULL DEFAULT NULL COMMENT '药品id',
  `create_time` datetime NULL DEFAULT CURRENT_TIMESTAMP COMMENT '创建时间',
  `update_time` datetime NULL DEFAULT CURRENT_TIMESTAMP ON UPDATE CURRENT_TIMESTAMP COMMENT '更新时间',
  PRIMARY KEY (`id`) USING BTREE
) ENGINE = InnoDB AUTO_INCREMENT = 23 CHARACTER SET = utf8mb4 COLLATE = utf8mb4_0900_ai_ci COMMENT = '疾病-药物' ROW_FORMAT = DYNAMIC;

-- ----------------------------
-- Records of illness_medicine
-- ----------------------------

-- 呼吸系统疾病
INSERT INTO `illness_medicine` VALUES (NULL, 1, 1, NOW(), NOW());  -- 支气管炎 - 阿莫西林胶囊
INSERT INTO `illness_medicine` VALUES (NULL, 1, 6, NOW(), NOW());  -- 支气管炎 - 氨溴索口服液
INSERT INTO `illness_medicine` VALUES (NULL, 1, 7, NOW(), NOW());  -- 支气管炎 - 沙丁胺醇气雾剂
INSERT INTO `illness_medicine` VALUES (NULL, 1, 17, NOW(), NOW()); -- 支气管炎 - 板蓝根颗粒

INSERT INTO `illness_medicine` VALUES (NULL, 2, 6, NOW(), NOW());  -- 肺气肿 - 氨溴索口服液
INSERT INTO `illness_medicine` VALUES (NULL, 2, 7, NOW(), NOW());  -- 肺气肿 - 沙丁胺醇气雾剂
INSERT INTO `illness_medicine` VALUES (NULL, 2, 4, NOW(), NOW());  -- 肺气肿 - 布洛芬缓释胶囊(用于疼痛)

INSERT INTO `illness_medicine` VALUES (NULL, 3, 2, NOW(), NOW());  -- 肺结核 - 头孢克肟胶囊
INSERT INTO `illness_medicine` VALUES (NULL, 3, 3, NOW(), NOW());  -- 肺结核 - 左氧氟沙星片
INSERT INTO `illness_medicine` VALUES (NULL, 3, 5, NOW(), NOW());  -- 肺结核 - 对乙酰氨基酚片(用于发热)

-- 心血管系统疾病
INSERT INTO `illness_medicine` VALUES (NULL, 4, 10, NOW(), NOW()); -- 高血压 - 硝苯地平控释片
INSERT INTO `illness_medicine` VALUES (NULL, 4, 11, NOW(), NOW()); -- 高血压 - 阿托伐他汀钙片(合并高血脂)
INSERT INTO `illness_medicine` VALUES (NULL, 4, 19, NOW(), NOW()); -- 高血压 - 阿司匹林肠溶片(预防血栓)

INSERT INTO `illness_medicine` VALUES (NULL, 5, 10, NOW(), NOW()); -- 冠心病 - 硝苯地平控释片
INSERT INTO `illness_medicine` VALUES (NULL, 5, 11, NOW(), NOW()); -- 冠心病 - 阿托伐他汀钙片
INSERT INTO `illness_medicine` VALUES (NULL, 5, 19, NOW(), NOW()); -- 冠心病 - 阿司匹林肠溶片

INSERT INTO `illness_medicine` VALUES (NULL, 6, 10, NOW(), NOW()); -- 心力衰竭 - 硝苯地平控释片
INSERT INTO `illness_medicine` VALUES (NULL, 6, 11, NOW(), NOW()); -- 心力衰竭 - 阿托伐他汀钙片

-- 消化系统疾病
INSERT INTO `illness_medicine` VALUES (NULL, 7, 8, NOW(), NOW());  -- 胃溃疡 - 奥美拉唑肠溶胶囊
INSERT INTO `illness_medicine` VALUES (NULL, 7, 9, NOW(), NOW());  -- 胃溃疡 - 多潘立酮片

INSERT INTO `illness_medicine` VALUES (NULL, 8, 1, NOW(), NOW());  -- 肝炎 - 阿莫西林胶囊(合并感染)
INSERT INTO `illness_medicine` VALUES (NULL, 8, 12, NOW(), NOW()); -- 肝炎 - 维生素C片(辅助治疗)

INSERT INTO `illness_medicine` VALUES (NULL, 9, 8, NOW(), NOW());  -- 肝硬化 - 奥美拉唑肠溶胶囊
INSERT INTO `illness_medicine` VALUES (NULL, 9, 9, NOW(), NOW());  -- 肝硬化 - 多潘立酮片

-- 神经系统疾病
INSERT INTO `illness_medicine` VALUES (NULL, 10, 20, NOW(), NOW()); -- 癫痫 - 盐酸氟西汀胶囊
INSERT INTO `illness_medicine` VALUES (NULL, 10, 5, NOW(), NOW());  -- 癫痫 - 对乙酰氨基酚片(发热时)

INSERT INTO `illness_medicine` VALUES (NULL, 11, 20, NOW(), NOW()); -- 帕金森病 - 盐酸氟西汀胶囊
INSERT INTO `illness_medicine` VALUES (NULL, 11, 13, NOW(), NOW()); -- 帕金森病 - 碳酸钙D3片(预防骨质疏松)

INSERT INTO `illness_medicine` VALUES (NULL, 12, 20, NOW(), NOW()); -- 阿尔茨海默病 - 盐酸氟西汀胶囊
INSERT INTO `illness_medicine` VALUES (NULL, 12, 13, NOW(), NOW()); -- 阿尔茨海默病 - 碳酸钙D3片

-- 内分泌代谢疾病
INSERT INTO `illness_medicine` VALUES (NULL, 13, 12, NOW(), NOW()); -- 糖尿病 - 二甲双胍缓释片
INSERT INTO `illness_medicine` VALUES (NULL, 13, 11, NOW(), NOW()); -- 糖尿病 - 阿托伐他汀钙片(合并高血脂)

INSERT INTO `illness_medicine` VALUES (NULL, 14, 8, NOW(), NOW());  -- 甲状腺功能亢进 - 奥美拉唑肠溶胶囊(保护胃黏膜)
INSERT INTO `illness_medicine` VALUES (NULL, 14, 13, NOW(), NOW()); -- 甲状腺功能亢进 - 碳酸钙D3片(预防骨质疏松)

INSERT INTO `illness_medicine` VALUES (NULL, 15, 4, NOW(), NOW());  -- 痛风 - 布洛芬缓释胶囊(急性发作止痛)
INSERT INTO `illness_medicine` VALUES (NULL, 15, 5, NOW(), NOW());  -- 痛风 - 对乙酰氨基酚片(替代止痛)

-- 泌尿系统疾病
INSERT INTO `illness_medicine` VALUES (NULL, 16, 1, NOW(), NOW());  -- 肾炎 - 阿莫西林胶囊(合并感染)
INSERT INTO `illness_medicine` VALUES (NULL, 16, 12, NOW(), NOW()); -- 肾炎 - 维生素C片

INSERT INTO `illness_medicine` VALUES (NULL, 17, 1, NOW(), NOW());  -- 尿路感染 - 阿莫西林胶囊
INSERT INTO `illness_medicine` VALUES (NULL, 17, 3, NOW(), NOW());  -- 尿路感染 - 左氧氟沙星片

INSERT INTO `illness_medicine` VALUES (NULL, 18, 4, NOW(), NOW());  -- 肾结石 - 布洛芬缓释胶囊(止痛)
INSERT INTO `illness_medicine` VALUES (NULL, 18, 5, NOW(), NOW());  -- 肾结石 - 对乙酰氨基酚片

-- 骨骼肌肉系统疾病
INSERT INTO `illness_medicine` VALUES (NULL, 19, 4, NOW(), NOW());  -- 关节炎 - 布洛芬缓释胶囊
INSERT INTO `illness_medicine` VALUES (NULL, 19, 13, NOW(), NOW()); -- 关节炎 - 碳酸钙D3片

INSERT INTO `illness_medicine` VALUES (NULL, 20, 13, NOW(), NOW()); -- 骨质疏松 - 碳酸钙D3片
INSERT INTO `illness_medicine` VALUES (NULL, 20, 12, NOW(), NOW()); -- 骨质疏松 - 维生素C片(促进钙吸收)

INSERT INTO `illness_medicine` VALUES (NULL, 21, 4, NOW(), NOW());  -- 腰椎间盘突出 - 布洛芬缓释胶囊
INSERT INTO `illness_medicine` VALUES (NULL, 21, 5, NOW(), NOW());  -- 腰椎间盘突出 - 对乙酰氨基酚片

-- 皮肤疾病
INSERT INTO `illness_medicine` VALUES (NULL, 22, 14, NOW(), NOW()); -- 湿疹 - 莫匹罗星软膏(继发感染)
INSERT INTO `illness_medicine` VALUES (NULL, 22, 16, NOW(), NOW()); -- 湿疹 - 氯雷他定片(止痒)

INSERT INTO `illness_medicine` VALUES (NULL, 23, 14, NOW(), NOW()); -- 银屑病 - 莫匹罗星软膏
INSERT INTO `illness_medicine` VALUES (NULL, 23, 4, NOW(), NOW());  -- 银屑病 - 布洛芬缓释胶囊(关节痛)

INSERT INTO `illness_medicine` VALUES (NULL, 24, 14, NOW(), NOW()); -- 痤疮 - 莫匹罗星软膏
INSERT INTO `illness_medicine` VALUES (NULL, 24, 12, NOW(), NOW()); -- 痤疮 - 维生素C片(辅助治疗)

-- 眼科疾病
INSERT INTO `illness_medicine` VALUES (NULL, 25, 15, NOW(), NOW()); -- 白内障 - 左氧氟沙星滴眼液(术后预防感染)
INSERT INTO `illness_medicine` VALUES (NULL, 25, 12, NOW(), NOW()); -- 白内障 - 维生素C片(抗氧化)

INSERT INTO `illness_medicine` VALUES (NULL, 26, 15, NOW(), NOW()); -- 青光眼 - 左氧氟沙星滴眼液(合并感染)
INSERT INTO `illness_medicine` VALUES (NULL, 26, 5, NOW(), NOW());  -- 青光眼 - 对乙酰氨基酚片(止痛)

INSERT INTO `illness_medicine` VALUES (NULL, 27, 15, NOW(), NOW()); -- 近视 - 左氧氟沙星滴眼液(合并结膜炎)
INSERT INTO `illness_medicine` VALUES (NULL, 27, 12, NOW(), NOW()); -- 近视 - 维生素C片

-- 耳鼻喉科疾病
INSERT INTO `illness_medicine` VALUES (NULL, 28, 1, NOW(), NOW());  -- 中耳炎 - 阿莫西林胶囊
INSERT INTO `illness_medicine` VALUES (NULL, 28, 3, NOW(), NOW());  -- 中耳炎 - 左氧氟沙星片

INSERT INTO `illness_medicine` VALUES (NULL, 29, 1, NOW(), NOW());  -- 扁桃体炎 - 阿莫西林胶囊
INSERT INTO `illness_medicine` VALUES (NULL, 29, 17, NOW(), NOW()); -- 扁桃体炎 - 板蓝根颗粒

INSERT INTO `illness_medicine` VALUES (NULL, 30, 16, NOW(), NOW()); -- 过敏性鼻炎 - 氯雷他定片
INSERT INTO `illness_medicine` VALUES (NULL, 30, 17, NOW(), NOW()); -- 过敏性鼻炎 - 板蓝根颗粒

-- 妇科疾病
INSERT INTO `illness_medicine` VALUES (NULL, 31, 8, NOW(), NOW());  -- 子宫肌瘤 - 奥美拉唑肠溶胶囊(合并胃部不适)
INSERT INTO `illness_medicine` VALUES (NULL, 31, 4, NOW(), NOW());  -- 子宫肌瘤 - 布洛芬缓释胶囊(痛经)

INSERT INTO `illness_medicine` VALUES (NULL, 32, 1, NOW(), NOW());  -- 盆腔炎 - 阿莫西林胶囊
INSERT INTO `illness_medicine` VALUES (NULL, 32, 3, NOW(), NOW());  -- 盆腔炎 - 左氧氟沙星片

INSERT INTO `illness_medicine` VALUES (NULL, 33, 12, NOW(), NOW()); -- 多囊卵巢综合征 - 二甲双胍缓释片
INSERT INTO `illness_medicine` VALUES (NULL, 33, 11, NOW(), NOW()); -- 多囊卵巢综合征 - 阿托伐他汀钙片(合并高血脂)

-- 肿瘤疾病
INSERT INTO `illness_medicine` VALUES (NULL, 34, 3, NOW(), NOW());  -- 肺癌 - 左氧氟沙星片(合并感染)
INSERT INTO `illness_medicine` VALUES (NULL, 34, 4, NOW(), NOW());  -- 肺癌 - 布洛芬缓释胶囊(止痛)

INSERT INTO `illness_medicine` VALUES (NULL, 35, 8, NOW(), NOW());  -- 胃癌 - 奥美拉唑肠溶胶囊
INSERT INTO `illness_medicine` VALUES (NULL, 35, 9, NOW(), NOW());  -- 胃癌 - 多潘立酮片

INSERT INTO `illness_medicine` VALUES (NULL, 36, 8, NOW(), NOW());  -- 肝癌 - 奥美拉唑肠溶胶囊
INSERT INTO `illness_medicine` VALUES (NULL, 36, 9, NOW(), NOW());  -- 肝癌 - 多潘立酮片

-- 精神系统疾病
INSERT INTO `illness_medicine` VALUES (NULL, 37, 20, NOW(), NOW()); -- 抑郁症 - 盐酸氟西汀胶囊
INSERT INTO `illness_medicine` VALUES (NULL, 37, 12, NOW(), NOW()); -- 抑郁症 - 维生素C片

INSERT INTO `illness_medicine` VALUES (NULL, 38, 20, NOW(), NOW()); -- 焦虑症 - 盐酸氟西汀胶囊
INSERT INTO `illness_medicine` VALUES (NULL, 38, 16, NOW(), NOW()); -- 焦虑症 - 氯雷他定片(合并过敏)

INSERT INTO `illness_medicine` VALUES (NULL, 39, 20, NOW(), NOW()); -- 精神分裂症 - 盐酸氟西汀胶囊
INSERT INTO `illness_medicine` VALUES (NULL, 39, 12, NOW(), NOW()); -- 精神分裂症 - 维生素C片

-- 血液系统疾病
INSERT INTO `illness_medicine` VALUES (NULL, 40, 12, NOW(), NOW()); -- 贫血 - 维生素C片(促进铁吸收)
INSERT INTO `illness_medicine` VALUES (NULL, 40, 13, NOW(), NOW()); -- 贫血 - 碳酸钙D3片

INSERT INTO `illness_medicine` VALUES (NULL, 41, 1, NOW(), NOW());  -- 白血病 - 阿莫西林胶囊(预防感染)
INSERT INTO `illness_medicine` VALUES (NULL, 41, 12, NOW(), NOW()); -- 白血病 - 维生素C片

INSERT INTO `illness_medicine` VALUES (NULL, 42, 19, NOW(), NOW()); -- 血友病 - 阿司匹林肠溶片(禁用，示例错误用药)
-- 注意：血友病患者禁用阿司匹林，此处仅为示例错误用药

-- 免疫系统疾病
INSERT INTO `illness_medicine` VALUES (NULL, 43, 4, NOW(), NOW());  -- 系统性红斑狼疮 - 布洛芬缓释胶囊(关节痛)
INSERT INTO `illness_medicine` VALUES (NULL, 43, 12, NOW(), NOW()); -- 系统性红斑狼疮 - 维生素C片

INSERT INTO `illness_medicine` VALUES (NULL, 44, 4, NOW(), NOW());  -- 类风湿关节炎 - 布洛芬缓释胶囊
INSERT INTO `illness_medicine` VALUES (NULL, 44, 13, NOW(), NOW()); -- 类风湿关节炎 - 碳酸钙D3片

-- 传染病
INSERT INTO `illness_medicine` VALUES (NULL, 45, 1, NOW(), NOW());  -- 艾滋病 - 阿莫西林胶囊(机会性感染)
INSERT INTO `illness_medicine` VALUES (NULL, 45, 3, NOW(), NOW());  -- 艾滋病 - 左氧氟沙星片

INSERT INTO `illness_medicine` VALUES (NULL, 46, 1, NOW(), NOW());  -- 疟疾 - 阿莫西林胶囊(合并感染)
INSERT INTO `illness_medicine` VALUES (NULL, 46, 5, NOW(), NOW());  -- 疟疾 - 对乙酰氨基酚片(退热)

INSERT INTO `illness_medicine` VALUES (NULL, 47, 5, NOW(), NOW());  -- 登革热 - 对乙酰氨基酚片(退热止痛)
INSERT INTO `illness_medicine` VALUES (NULL, 47, 16, NOW(), NOW()); -- 登革热 - 氯雷他定片(皮疹瘙痒)

INSERT INTO `illness_medicine` VALUES (6, 121213, 8, '2022-05-03 16:10:35', '2022-05-03 16:10:35');
INSERT INTO `illness_medicine` VALUES (7, 121214, 8, '2022-05-03 16:10:37', '2022-05-03 16:10:37');
INSERT INTO `illness_medicine` VALUES (8, 121215, 9, '2022-05-03 16:10:38', '2022-05-03 16:10:38');
INSERT INTO `illness_medicine` VALUES (9, 121216, 10, '2022-05-03 16:10:42', '2022-05-03 16:10:42');
INSERT INTO `illness_medicine` VALUES (10, 121216, 11, '2022-05-03 16:10:44', '2022-05-03 16:10:44');
INSERT INTO `illness_medicine` VALUES (11, 121217, 12, '2022-05-03 16:10:59', '2022-05-03 16:10:59');
INSERT INTO `illness_medicine` VALUES (12, 121218, 13, '2022-05-03 16:11:01', '2022-05-03 16:11:01');
INSERT INTO `illness_medicine` VALUES (13, 121219, 14, '2022-05-03 16:11:16', '2022-05-03 16:11:16');
INSERT INTO `illness_medicine` VALUES (14, 121220, 15, '2022-05-03 16:11:29', '2022-05-03 16:11:29');
INSERT INTO `illness_medicine` VALUES (15, 121221, 16, '2022-05-03 16:11:39', '2022-05-03 16:11:39');
INSERT INTO `illness_medicine` VALUES (16, 121222, 17, '2022-05-03 16:11:50', '2022-05-03 16:11:50');
INSERT INTO `illness_medicine` VALUES (17, 121219, 17, '2022-05-03 16:12:01', '2022-05-03 16:12:01');
INSERT INTO `illness_medicine` VALUES (18, 121216, 12, '2022-05-03 16:12:03', '2022-05-03 16:12:03');
INSERT INTO `illness_medicine` VALUES (19, 121216, 14, '2022-05-03 16:12:04', '2022-05-03 16:12:04');
INSERT INTO `illness_medicine` VALUES (20, 121213, 8, '2022-05-03 16:12:05', '2022-05-03 16:12:05');
INSERT INTO `illness_medicine` VALUES (22, 121226, 44, '2025-04-19 14:59:42', '2025-04-19 14:59:42');

-- ----------------------------
-- Table structure for knowledge_file
-- ----------------------------
DROP TABLE IF EXISTS `knowledge_file`;
CREATE TABLE `knowledge_file`  (
  `id` bigint UNSIGNED NOT NULL AUTO_INCREMENT COMMENT 'ID',
  `file_name` varchar(255) CHARACTER SET utf8mb4 COLLATE utf8mb4_unicode_ci NOT NULL COMMENT '原始文件名（含后缀）',
  `file_path` varchar(500) CHARACTER SET utf8mb4 COLLATE utf8mb4_unicode_ci NOT NULL COMMENT '相对路径：相对于 resources/knowledge/',
  `file_size` bigint NOT NULL COMMENT '单位：字节',
  `file_md5` char(32) CHARACTER SET utf8mb4 COLLATE utf8mb4_unicode_ci NOT NULL COMMENT '文件内容 MD5',
  `file_type` varchar(100) CHARACTER SET utf8mb4 COLLATE utf8mb4_unicode_ci NOT NULL COMMENT 'MIME-Type，如 application/pdf',
  `create_by` int NULL DEFAULT NULL COMMENT '上传人',
  `create_time` datetime NULL DEFAULT CURRENT_TIMESTAMP COMMENT '创建时间',
  `update_time` datetime NULL DEFAULT CURRENT_TIMESTAMP ON UPDATE CURRENT_TIMESTAMP COMMENT '修改时间',
  `remark` varchar(1000) CHARACTER SET utf8mb4 COLLATE utf8mb4_unicode_ci NULL DEFAULT NULL COMMENT '备注',
  PRIMARY KEY (`id`) USING BTREE,
  INDEX `idx_md5`(`file_md5` ASC) USING BTREE
) ENGINE = InnoDB AUTO_INCREMENT = 4 CHARACTER SET = utf8mb4 COLLATE = utf8mb4_unicode_ci COMMENT = 'RAG 知识库文件表' ROW_FORMAT = Dynamic;

-- ----------------------------
-- Records of knowledge_file
-- ----------------------------

-- ----------------------------
-- Table structure for medicine
-- ----------------------------

-- 创建药品表
DROP TABLE IF EXISTS `medicine`;
CREATE TABLE `medicine`  (
                             `id` int NOT NULL AUTO_INCREMENT COMMENT '药品主键ID',
                             `medicine_name` varchar(100) CHARACTER SET utf8mb4 COLLATE utf8mb4_0900_ai_ci NULL DEFAULT NULL COMMENT '药的名字',
                             `keyword` varchar(255) CHARACTER SET utf8mb4 COLLATE utf8mb4_0900_ai_ci NULL DEFAULT NULL COMMENT '关键字搜索',
                             `medicine_effect` mediumtext CHARACTER SET utf8mb4 COLLATE utf8mb4_0900_ai_ci NULL COMMENT '药的功效',
                             `medicine_brand` varchar(255) CHARACTER SET utf8mb4 COLLATE utf8mb4_0900_ai_ci NULL DEFAULT NULL COMMENT '药的品牌',
                             `interaction` mediumtext CHARACTER SET utf8mb4 COLLATE utf8mb4_0900_ai_ci NULL COMMENT '药的相互作用',
                             `taboo` mediumtext CHARACTER SET utf8mb4 COLLATE utf8mb4_0900_ai_ci NULL COMMENT '禁忌',
                             `us_age` mediumtext CHARACTER SET utf8mb4 COLLATE utf8mb4_0900_ai_ci NULL COMMENT '用法用量',
                             `medicine_type` int NULL DEFAULT NULL COMMENT '药的类型，0西药，1中药，2中成药',
                             `img_path` varchar(255) CHARACTER SET utf8mb4 COLLATE utf8mb4_0900_ai_ci NULL DEFAULT NULL COMMENT '相关图片路径',
                             `medicine_price` decimal(10, 2) NULL DEFAULT NULL COMMENT '药的价格',
                             `create_time` datetime NULL DEFAULT CURRENT_TIMESTAMP COMMENT '创建时间',
                             `update_time` datetime NULL DEFAULT CURRENT_TIMESTAMP ON UPDATE CURRENT_TIMESTAMP COMMENT '更新时间',
                             PRIMARY KEY (`id`) USING BTREE
) ENGINE = InnoDB AUTO_INCREMENT = 1 CHARACTER SET = utf8mb4 COLLATE = utf8mb4_0900_ai_ci COMMENT = '药品' ROW_FORMAT = DYNAMIC;

-- 插入药品数据
INSERT INTO `medicine` (`medicine_name`, `keyword`, `medicine_effect`, `medicine_brand`, `interaction`, `taboo`, `us_age`, `medicine_type`, `img_path`, `medicine_price`) VALUES
-- 1. 抗生素类药品
('阿莫西林胶囊', '抗生素,青霉素,呼吸道感染,泌尿道感染', '广谱青霉素类抗生素，用于敏感菌所致的呼吸道感染、泌尿道感染、皮肤软组织感染、消化道感染等。对溶血性链球菌、肺炎链球菌、葡萄球菌、流感嗜血杆菌、大肠埃希菌等有较好抗菌作用。', '联邦制药', '1. 丙磺舒可延缓本品经肾排泄，升高血药浓度<br>2. 与氯霉素、大环内酯类、磺胺类、四环素类抗生素合用可能降低疗效<br>3. 与口服避孕药同用可能降低避孕效果<br>4. 与抗凝药同用可能增加出血风险', '1. 青霉素过敏者禁用<br>2. 有哮喘、湿疹、花粉症、荨麻疹等过敏性疾病史者慎用<br>3. 肾功能严重损害者慎用<br>4. 孕妇、哺乳期妇女慎用，需在医师指导下使用<br>5. 有传染性单核细胞增多症患者易发生皮疹，应避免使用', '成人：一次0.5g，每6-8小时1次，一日剂量不超过4g<br>小儿：一日剂量按体重20-40mg/kg，每8小时1次<br>三个月以下婴儿一日剂量按体重30mg/kg，每12小时1次<br>肾功能严重损害患者需调整剂量<br>口服，饭前或饭后服用均可', 0, '
https://health-java2.oss-cn-beijing.aliyuncs.com/medicine/amoxicillin.jpg', 15.80),

('头孢克肟胶囊', '头孢菌素,抗生素,呼吸道感染,泌尿道感染', '第三代头孢菌素类抗生素，用于敏感菌引起的支气管炎、支气管扩张症、肺炎、肾盂肾炎、膀胱炎、淋菌性尿道炎、胆囊炎、胆管炎、猩红热、中耳炎、副鼻窦炎等。', '白云山', '1. 与氨基糖苷类抗生素合用可能增加肾毒性<br>2. 与强利尿剂合用可能增加肾毒性<br>3. 与抗凝药合用可能增强抗凝作用<br>4. 与伤寒活疫苗同用可能降低疫苗免疫效果', '1. 对头孢菌素类抗生素过敏者禁用<br>2. 青霉素过敏者慎用（交叉过敏反应发生率约5-10%）<br>3. 严重肾功能障碍者慎用<br>4. 有结肠炎病史者慎用<br>5. 孕妇、哺乳期妇女、新生儿慎用', '成人及体重30kg以上儿童：一次50-100mg，一日2次，重症可增至一次200mg，一日2次<br>小儿：按体重一次1.5-3mg/kg，一日2次<br>口服，饭前或饭后服用，吞服勿嚼碎', 0, '
https://health-java2.oss-cn-beijing.aliyuncs.com/medicine/cefixime.jpg', 28.50),

('左氧氟沙星片', '喹诺酮,抗生素,呼吸道感染,泌尿道感染', '氟喹诺酮类抗菌药，用于敏感菌引起的呼吸道感染、泌尿生殖系统感染、胃肠道感染、伤寒、骨和关节感染、皮肤软组织感染、败血症等全身感染。对革兰阴性菌、革兰阳性菌和非典型病原体有良好抗菌活性。', '扬子江药业', '1. 与含铝、镁的抗酸药、铁剂合用可减少本品吸收，应间隔至少2小时服用<br>2. 与非甾体抗炎药合用可能增加中枢神经系统刺激症状和惊厥风险<br>3. 与口服降糖药合用可能引起血糖紊乱<br>4. 与茶碱合用可能升高茶碱血药浓度，增加不良反应', '1. 对喹诺酮类药物过敏者禁用<br>2. 孕妇、哺乳期妇女、18岁以下儿童及青少年禁用（可能影响软骨发育）<br>3. 有癫痫病史或其他中枢神经系统疾病者慎用<br>4. 严重肾功能不全者慎用<br>5. 避免阳光曝晒，可能引起光敏反应', '成人常用量：一次0.1-0.2g，一日2-3次，或一次0.5g，一日1次<br>肾功能不全者需调整剂量<br>治疗时间一般为7-14天<br>口服，饭前1小时或饭后2小时服用', 0, '
https://health-java2.oss-cn-beijing.aliyuncs.com/medicine/levofloxacin.jpg', 32.00),

-- 2. 解热镇痛抗炎药
('布洛芬缓释胶囊', '解热镇痛,抗炎,退烧,止痛', '非甾体抗炎药，具有解热、镇痛、抗炎作用。用于缓解轻至中度疼痛如头痛、关节痛、偏头痛、牙痛、肌肉痛、神经痛、痛经，也用于普通感冒或流行性感冒引起的发热。', '中美天津史克（芬必得）', '1. 与其他非甾体抗炎药合用可能增加胃肠道不良反应风险<br>2. 与抗凝药合用可能增加出血风险<br>3. 与降压药合用可能降低降压效果<br>4. 与地高辛、甲氨蝶呤、锂剂合用可能增加这些药物的血药浓度<br>5. 与糖皮质激素合用可能增加胃肠道溃疡和出血风险', '1. 对阿司匹林或其他非甾体抗炎药过敏者禁用<br>2. 活动性消化道溃疡患者禁用<br>3. 严重肝肾功能不全者禁用<br>4. 严重心力衰竭患者禁用<br>5. 妊娠晚期禁用<br>6. 冠状动脉搭桥手术围手术期禁用', '成人及12岁以上儿童：一次0.3g，一日2次，早晚各一次<br>用于止痛不超过5天，用于解热不超过3天<br>口服，整粒吞服，不可打开或溶解后服用<br>饭后服用可减少胃肠道刺激', 0, '
https://health-java2.oss-cn-beijing.aliyuncs.com/medicine/ibuprofen.jpg', 18.90),

('对乙酰氨基酚片', '退烧,止痛,感冒发热,头痛', '解热镇痛药，用于普通感冒或流行性感冒引起的发热，也用于缓解轻至中度疼痛如头痛、关节痛、偏头痛、牙痛、肌肉痛、神经痛、痛经。对胃肠道刺激小，适合儿童和老年人使用。', '强生制药（泰诺林）', '1. 长期大量与阿司匹林或其他非甾体抗炎药合用可能增加肾毒性<br>2. 与抗凝药合用可能增强抗凝作用<br>3. 与氯霉素合用可能延长氯霉素半衰期，增加毒性<br>4. 长期饮酒或应用其他肝酶诱导剂可能增加肝毒性风险<br>5. 与抗病毒药齐多夫定合用可能增加骨髓抑制风险', '1. 严重肝肾功能不全者禁用<br>2. 酒精中毒、患肝病或病毒性肝炎时禁用<br>3. 对本品过敏者禁用<br>4. 3岁以下儿童应在医师指导下使用<br>5. 孕妇及哺乳期妇女慎用<br>6. 避免长期或大剂量使用，可能引起肝损伤', '成人：一次0.3-0.6g，一日3-4次，一日量不超过2g<br>儿童：按体重一次10-15mg/kg，每4-6小时1次，24小时内不超过4次<br>用于退热连续使用不超过3天，用于止痛不超过5天<br>口服，饭前或饭后服用均可', 0, '
https://health-java2.oss-cn-beijing.aliyuncs.com/medicine/acetaminophen.jpg', 12.50),

-- 3. 呼吸系统用药
('氨溴索口服液', '祛痰,化痰,呼吸道感染,咳嗽有痰', '黏液溶解剂，用于急慢性呼吸道疾病引起的痰液黏稠、咳痰困难。可促进肺表面活性物质分泌，增加呼吸道黏膜浆液腺分泌，降低痰液黏度，增强支气管纤毛运动，促进痰液排出。', '勃林格殷格翰（沐舒坦）', '1. 与抗生素阿莫西林、头孢呋辛、红霉素、多西环素合用可提高抗生素在肺组织浓度<br>2. 避免与中枢性镇咳药合用，以免稀化的痰液堵塞气道<br>3. 与支气管扩张剂合用可能有协同作用', '1. 对本品过敏者禁用<br>2. 妊娠前3个月慎用<br>3. 胃溃疡患者慎用<br>4. 肝肾功能不全者慎用<br>5. 青光眼患者慎用<br>6. 哺乳期妇女慎用', '成人及12岁以上儿童：一次10ml，一日3次<br>儿童（6-12岁）：一次5ml，一日2-3次<br>儿童（2-5岁）：一次2.5ml，一日3次<br>饭后服用，使用前摇匀<br>治疗时间一般为7-14天', 0, '
https://health-java2.oss-cn-beijing.aliyuncs.com/medicine/ambroxol.jpg', 25.60),

('沙丁胺醇气雾剂', '支气管扩张,哮喘,喘息,呼吸困难', '选择性β2受体激动剂，用于预防和治疗支气管哮喘、喘息性支气管炎、肺气肿等伴有支气管痉挛的呼吸道疾病。可快速缓解支气管痉挛，改善呼吸困难症状。', '葛兰素史克（万托林）', '1. 与其他β受体激动剂合用可能增加不良反应<br>2. 与茶碱类药物合用可能增强支气管扩张作用，也可能增加不良反应<br>3. 与非选择性β受体阻滞剂合用可能拮抗本品作用<br>4. 与单胺氧化酶抑制剂、三环类抗抑郁药合用可能增强心血管系统反应', '1. 对本品或其他β受体激动剂过敏者禁用<br>2. 肥厚型梗阻性心肌病患者禁用<br>3. 快速型心律失常患者慎用<br>4. 冠状动脉供血不足、高血压、糖尿病患者慎用<br>5. 甲状腺功能亢进患者慎用<br>6. 孕妇及哺乳期妇女慎用', '成人：一次1-2喷，必要时每4-6小时一次，24小时内不超过8喷<br>儿童：一次1喷，必要时每4-6小时一次<br>使用前摇匀，深呼吸时喷入口中，屏气10秒后缓慢呼气<br>用于急性发作，不推荐长期规律使用', 0, '
https://health-java2.oss-cn-beijing.aliyuncs.com/medicine/salbutamol.jpg', 45.30),

-- 4. 消化系统用药
('奥美拉唑肠溶胶囊', '质子泵抑制剂,胃酸,胃溃疡,反流性食管炎', '质子泵抑制剂，通过抑制胃壁细胞H+/K+-ATP酶，强效抑制胃酸分泌。用于胃溃疡、十二指肠溃疡、反流性食管炎、卓-艾综合征等酸相关性疾病，也用于幽门螺杆菌根除治疗。', '阿斯利康（洛赛克）', '1. 可延长地西泮、苯妥英钠、华法林等药物在肝内代谢，升高其血药浓度<br>2. 与酮康唑、伊曲康唑合用可能减少这些药物的吸收<br>3. 与克拉霉素合用可能增加中枢神经系统不良反应<br>4. 与硝苯地平合用可能增加降压效果', '1. 对本品过敏者禁用<br>2. 严重肾功能不全者慎用<br>3. 肝功能不全者慎用<br>4. 孕妇、哺乳期妇女慎用<br>5. 长期使用需监测维生素B12水平<br>6. 避免突然停药，可能引起反跳性胃酸分泌增多', '成人常用量：一次20mg，一日1-2次，晨起吞服或早晚各一次<br>十二指肠溃疡：一次20mg，一日1次，疗程2-4周<br>胃溃疡、反流性食管炎：一次20mg，一日1-2次，疗程4-8周<br>口服，整粒吞服，不可咀嚼或压碎', 0, '
https://health-java2.oss-cn-beijing.aliyuncs.com/medicine/omeprazole.jpg', 36.80),

('多潘立酮片', '促胃肠动力,消化不良,恶心呕吐,腹胀', '多巴胺受体拮抗剂，促进胃排空，协调胃与十二指肠运动，抑制恶心、呕吐。用于消化不良、腹胀、嗳气、恶心、呕吐、腹部胀痛。可增强食管下部括约肌张力，防止胃-食管反流。', '西安杨森（吗丁啉）', '1. 与抗胆碱能药物合用可能拮抗本品作用<br>2. 与酮康唑口服制剂合用可能增加心脏毒性风险<br>3. 与中枢神经系统抑制剂合用可能增加中枢抑制作用<br>4. 可增加对乙酰氨基酚、氨苄西林、左旋多巴、四环素等的吸收速率', '1. 胃肠道出血、机械性肠梗阻、穿孔患者禁用<br>2. 催乳素瘤患者禁用<br>3. 对本品过敏者禁用<br>4. 中重度肝功能不全者禁用<br>5. 心脏传导间期延长、心律失常患者慎用<br>6. 孕妇、哺乳期妇女慎用', '成人：一次10mg，一日3-4次，饭前15-30分钟服用<br>儿童：按体重一次0.3mg/kg，一日3-4次<br>用于恶心、呕吐时最大日剂量不超过40mg<br>口服，整片吞服', 0, '
https://health-java2.oss-cn-beijing.aliyuncs.com/medicine/domperidone.jpg', 22.40),

-- 5. 心血管系统用药
('硝苯地平控释片', '钙通道阻滞剂,降压,冠心病,心绞痛', '二氢吡啶类钙通道阻滞剂，用于高血压、冠心病、慢性稳定型心绞痛（劳累性心绞痛）。可扩张外周动脉，降低血压；扩张冠状动脉，增加冠脉血流，改善心肌供氧。', '拜耳医药（拜新同）', '1. 与β受体阻滞剂合用可能导致严重低血压和心力衰竭<br>2. 与硝酸酯类合用可能增强降压效果<br>3. 与地高辛合用可能增加地高辛血药浓度<br>4. 与西咪替丁合用可能增加本品血药浓度<br>5. 与葡萄柚汁合用可能增加生物利用度，增强降压效果', '1. 对本品过敏者禁用<br>2. 心源性休克患者禁用<br>3. 怀孕20周内和哺乳期妇女禁用<br>4. 严重主动脉瓣狭窄患者禁用<br>5. 不稳定型心绞痛、急性心肌梗死患者禁用（短效制剂）<br>6. 肝功能不全者慎用', '成人：一次30mg，一日1次，整片吞服，不可咀嚼或压碎<br>剂量调整应在医师指导下进行，最大日剂量不超过60mg<br>通常治疗应从30mg开始，必要时增至60mg<br>口服，不受进食影响', 0, '
https://health-java2.oss-cn-beijing.aliyuncs.com/medicine/nifedipine.jpg', 28.90),

('阿托伐他汀钙片', '他汀类,降血脂,动脉粥样硬化,冠心病', 'HMG-CoA还原酶抑制剂，用于高胆固醇血症、混合型高脂血症、冠心病和脑卒中的防治。可显著降低总胆固醇、低密度脂蛋白胆固醇、甘油三酯，轻度升高高密度脂蛋白胆固醇。', '辉瑞制药（立普妥）', '1. 与环孢素、大环内酯类抗生素、抗真菌药合用可能增加肌病风险<br>2. 与华法林合用可能增强抗凝作用<br>3. 与地高辛合用可能轻微增加地高辛浓度<br>4. 与口服避孕药合用可能增加避孕药浓度<br>5. 大量饮酒或与贝特类降脂药合用可能增加肝毒性风险', '1. 活动性肝病或不明原因转氨酶持续升高者禁用<br>2. 对本品过敏者禁用<br>3. 孕妇、哺乳期妇女禁用<br>4. 有肌病史者慎用<br>5. 肾功能不全者慎用<br>6. 大量饮酒或有肝病史者慎用', '成人常用起始剂量为一次10mg，一日1次，晚间服用<br>剂量范围10-80mg/日，根据疗效和耐受性调整<br>应在开始治疗和调整剂量后4周复查血脂，调整剂量<br>口服，不受进食影响', 0, '
https://health-java2.oss-cn-beijing.aliyuncs.com/medicine/atorvastatin.jpg', 42.50),

-- 6. 内分泌系统用药
('二甲双胍缓释片', '降血糖,2型糖尿病,胰岛素抵抗', '双胍类口服降糖药，用于单纯饮食控制不满意的2型糖尿病患者，特别是肥胖和伴高胰岛素血症者。可减少肝糖输出，改善外周组织对胰岛素的敏感性，增加对葡萄糖的摄取和利用。', '中美上海施贵宝（格华止）', '1. 与胰岛素合用可能增强降糖效果，增加低血糖风险<br>2. 与乙醇合用可能增加乳酸酸中毒风险<br>3. 与碘造影剂合用可能增加急性肾损伤风险，检查前后应暂停使用<br>4. 与利尿剂、糖皮质激素、甲状腺激素、雌激素、口服避孕药合用可能减弱降糖效果', '1. 2型糖尿病伴有酮症酸中毒、肝肾功能不全、心力衰竭、急性心肌梗死、严重感染、外伤、重大手术患者禁用<br>2. 孕妇、哺乳期妇女禁用<br>3. 酗酒者禁用<br>4. 维生素B12、叶酸缺乏未纠正者慎用<br>5. 老年人、体质虚弱者慎用', '成人常用起始剂量为一次0.5g，一日1次，晚餐时服用<br>根据血糖控制情况每周增加0.5g，最大日剂量不超过2.0g<br>通常有效剂量为1.5-2.0g/日，分2-3次服用<br>口服，整片吞服，不可咀嚼或压碎', 0, '
https://health-java2.oss-cn-beijing.aliyuncs.com/medicine/metformin.jpg', 26.80),

-- 7. 中药饮片
('金银花', '清热解毒,疏散风热,感冒发热,咽喉肿痛', '清热解毒，疏散风热。用于痈肿疔疮，喉痹，丹毒，热毒血痢，风热感冒，温病发热。现代研究证实具有抗病毒、抗菌、抗炎、解热、保肝、降血脂等作用。', '同仁堂', '1. 与抗生素合用可能有协同抗菌作用<br>2. 与解热镇痛药合用可能增强退热效果<br>3. 与中枢抑制剂合用可能增强抑制作用<br>4. 不宜与滋补性中药同时服用<br>5. 与含鞣质的中药同用可能影响有效成分吸收', '1. 脾胃虚寒者慎用<br>2. 气虚疮疡脓清者忌用<br>3. 孕妇慎用<br>4. 过敏体质者慎用<br>5. 风寒感冒者不宜使用', '内服：煎汤，6-15g；或入丸、散<br>外用：适量，煎水熏洗，或研末调敷<br>用于感冒发热、咽喉肿痛：金银花15g，连翘10g，薄荷6g，水煎服<br>用于痈肿疔疮：金银花20g，蒲公英15g，野菊花10g，水煎服', 1, '
https://health-java2.oss-cn-beijing.aliyuncs.com/medicine/jinyinhua.jpg', 8.50),

-- 8. 中成药
('连花清瘟胶囊', '清热解毒,宣肺泄热,流行性感冒,新冠肺炎', '清瘟解毒，宣肺泄热。用于治疗流行性感冒属热毒袭肺证，症见发热或高热，恶寒，肌肉酸痛，鼻塞流涕，咳嗽，头痛，咽干咽痛，舌偏红，苔黄或黄腻等。现代研究显示对流感病毒、冠状病毒等有抑制作用。', '以岭药业', '1. 不宜与滋补性中药同时服用<br>2. 与中枢抑制剂合用可能增强抑制作用<br>3. 与肝药酶诱导剂或抑制剂合用可能影响药效<br>4. 与其他感冒药同用需注意成分重复<br>5. 与抗生素合用需在医师指导下进行', '1. 对本品过敏者禁用<br>2. 风寒感冒者不适用<br>3. 脾胃虚寒者慎用<br>4. 孕妇、哺乳期妇女慎用<br>5. 高血压、心脏病患者慎用<br>6. 肝病、糖尿病、肾病等慢性病严重者慎用', '口服。一次4粒，一日3次<br>疗程7-10天，或遵医嘱<br>饭前或饭后服用均可<br>儿童、年老体弱者应在医师指导下使用<br>高热超过3天，或咳嗽加重、痰量增多应去医院就诊', 2, '
https://health-java2.oss-cn-beijing.aliyuncs.com/medicine/lianhuaqingwen.jpg', 24.90),

('板蓝根颗粒', '清热解毒,凉血利咽,感冒,咽喉肿痛', '清热解毒，凉血利咽。用于肺胃热盛所致的咽喉肿痛、口咽干燥；急性扁桃体炎见上述证候者。现代研究证实具有抗病毒、抗菌、抗炎、增强免疫力等作用。', '白云山', '1. 不宜与滋补性中药同时服用<br>2. 与抗生素合用可能有协同作用<br>3. 与其他清热解毒类中药同用需注意寒凉过度<br>4. 与含鞣质的中药同用可能影响吸收', '1. 糖尿病患者禁用（含糖型）<br>2. 对本品过敏者禁用<br>3. 风寒感冒者不适用<br>4. 脾胃虚寒者慎用<br>5. 孕妇、哺乳期妇女慎用<br>6. 高血压、心脏病、肝病、肾病等慢性病严重者慎用', '开水冲服。一次5-10g（含糖型），或一次3-6g（无糖型），一日3-4次<br>儿童酌减，或遵医嘱<br>疗程3-7天，症状无缓解应去医院就诊<br>服药期间忌烟酒、辛辣、鱼腥食物', 2, '
https://health-java2.oss-cn-beijing.aliyuncs.com/medicine/banlangen.jpg', 12.60),

-- 9. 神经系统用药
('阿司匹林肠溶片', '抗血小板,解热镇痛,心脑血管疾病', '非甾体抗炎药，小剂量用于抑制血小板聚集，预防心脑血管疾病（心肌梗死、脑梗死等）；较大剂量用于解热、镇痛、抗炎、抗风湿。可抑制血栓素A2合成，抑制血小板聚集。', '拜耳医药（拜阿司匹林）', '1. 与抗凝药合用可能增加出血风险<br>2. 与糖皮质激素合用可能增加胃肠道溃疡和出血风险<br>3. 与丙戊酸合用可能增加其毒性<br>4. 与降压药合用可能减弱降压效果<br>5. 与甲氨蝶呤合用可能增加其毒性<br>6. 与降糖药合用可能增强降糖效果', '1. 对阿司匹林或其他水杨酸类药物过敏者禁用<br>2. 活动性消化道溃疡或出血患者禁用<br>3. 血友病或血小板减少症患者禁用<br>4. 哮喘患者禁用（可能诱发阿司匹林哮喘）<br>5. 妊娠晚期禁用<br>6. 严重肝肾功能不全者禁用', '预防心脑血管疾病：一次75-100mg，一日1次，晚间服用<br>解热镇痛：一次0.3-0.6g，一日3次，必要时每4小时一次<br>抗风湿：一日3-5g，分4次口服<br>肠溶片应整片吞服，不可压碎或咀嚼<br>饭前服用有利于肠溶包衣完整', 0, '
https://health-java2.oss-cn-beijing.aliyuncs.com/medicine/aspirin.jpg', 15.20),

-- 10. 精神系统用药
('盐酸氟西汀胶囊', '抗抑郁,选择性5-羟色胺再摄取抑制剂,抑郁症', '选择性5-羟色胺再摄取抑制剂，用于抑郁症、强迫症、神经性贪食症、惊恐障碍等。可选择性抑制5-羟色胺再摄取，增加突触间隙5-羟色胺浓度，发挥抗抑郁作用。起效较慢，通常需2-4周。', '礼来制药（百忧解）', '1. 与单胺氧化酶抑制剂合用可能引起5-羟色胺综合征，应间隔至少14天<br>2. 与三环类抗抑郁药合用可能增加其血药浓度<br>3. 与抗凝药合用可能增加出血风险<br>4. 与锂盐合用可能增加锂毒性<br>5. 与曲马多、曲普坦类药物合用可能增加5-羟色胺综合征风险', '1. 对本品过敏者禁用<br>2. 正在使用单胺氧化酶抑制剂者禁用<br>3. 癫痫患者慎用<br>4. 躁狂或轻躁狂患者慎用<br>5. 有自杀倾向者应在密切监护下使用<br>6. 孕妇、哺乳期妇女慎用<br>7. 肝肾功能不全者慎用', '抑郁症：起始剂量一次20mg，一日1次，早晨服用。必要时可增至一日40-60mg，分早晚两次服用<br>强迫症：一日20-60mg<br>神经性贪食症：一日60mg<br>惊恐障碍：起始剂量一日10mg，一周后增至一日20mg<br>疗程通常6个月以上，停药应逐渐减量', 0, '
https://health-java2.oss-cn-beijing.aliyuncs.com/medicine/fluoxetine.jpg', 38.50),

-- 11. 抗过敏药
('氯雷他定片', '抗组胺,抗过敏,过敏性鼻炎,荨麻疹', '长效三环类抗组胺药，选择性拮抗外周H1受体。用于缓解过敏性鼻炎相关症状如喷嚏、流涕、鼻痒、鼻塞及眼部痒、烧灼感，也用于缓解慢性荨麻疹、瘙痒性皮肤病及其他过敏性皮肤病的症状和体征。无镇静作用。', '先灵葆雅（开瑞坦）', '1. 与酮康唑、大环内酯类抗生素、西咪替丁、茶碱等合用可能升高本品血药浓度<br>2. 与中枢神经系统抑制剂合用需谨慎<br>3. 与单胺氧化酶抑制剂合用可能增强抗胆碱作用<br>4. 与酒精合用不会增强镇静作用', '1. 对本品过敏者禁用<br>2. 严重肝功能不全者慎用<br>3. 妊娠期及哺乳期妇女慎用<br>4. 2岁以下儿童使用安全性尚未确定<br>5. 从事驾驶、高空作业等需集中注意力工作者慎用<br>6. 闭角型青光眼、尿潴留、前列腺增生患者慎用', '成人及12岁以上儿童：一次10mg，一日1次<br>2-12岁儿童：体重＞30kg，一次10mg，一日1次；体重≤30kg，一次5mg，一日1次<br>空腹或餐后服用均可<br>治疗过敏性鼻炎需规律用药，而非按需使用', 0, '
https://health-java2.oss-cn-beijing.aliyuncs.com/medicine/loratadine.jpg', 20.80),

-- 12. 维生素与矿物质
('维生素C片', '维生素C,抗氧化,增强免疫,预防感冒', '水溶性维生素，参与体内多种代谢过程，促进胶原蛋白合成，增强免疫力，促进铁吸收，抗氧化。用于预防和治疗坏血病，也用于各种急慢性传染病、紫癜、过敏性疾病、冠心病等的辅助治疗。', '养生堂', '1. 与维生素K3合用可能产生氧化还原反应，使两者作用减弱或消失<br>2. 与肝素、华法林合用可能缩短凝血酶原时间<br>3. 与磺胺类药物合用可能增加结晶尿形成风险<br>4. 与碱性药物合用可能被氧化破坏<br>5. 与叶酸合用可能抑制叶酸吸收', '1. 对本品过敏者禁用<br>2. 半胱氨酸尿症、痛风、高草酸盐尿症、草酸盐沉积症、尿酸盐性肾结石患者慎用<br>3. 葡萄糖-6-磷酸脱氢酶缺乏症患者慎用<br>4. 血色病患者慎用<br>5. 镰形红细胞贫血患者慎用', '一般治疗：一次50-100mg，一日3次<br>维生素C缺乏：一次100-200mg，一日3次，至少服2周<br>酸化尿液：一日4-12g，分次服用，每4小时一次<br>特发性高铁血红蛋白血症：一日300-600mg，分次服用<br>口服，饭后服用可减少胃肠道刺激', 0, '
https://health-java2.oss-cn-beijing.aliyuncs.com/medicine/vitamin_c.jpg', 9.80),

('碳酸钙D3片', '补钙,维生素D,骨质疏松,佝偻病', '钙补充剂，用于预防和治疗钙缺乏症，如骨质疏松、手足抽搐症、骨发育不全、佝偻病，以及妊娠、哺乳期、绝经期妇女的钙补充。维生素D可促进钙吸收。', '惠氏制药（钙尔奇）', '1. 与噻嗪类利尿药合用可能增加高钙血症风险<br>2. 与含钾药物合用可能引起心律失常<br>3. 与洋地黄类药物合用可能增强其毒性<br>4. 与四环素类、喹诺酮类药物合用可能减少这些药物的吸收<br>5. 与含铝抗酸药合用可能增加铝的吸收', '1. 高钙血症、高钙尿症患者禁用<br>2. 含钙肾结石患者禁用<br>3. 对本品过敏者禁用<br>4. 心肾功能不全者慎用<br>5. 长期使用需定期监测血钙、尿钙水平<br>6. 维生素D增多症患者禁用', '成人：一次1片，一日1-2次<br>儿童：一次半片，一日1-2次<br>口服，咀嚼后咽下<br>最佳服用时间为睡前，有利于钙吸收<br>高钙食品（牛奶、豆腐等）摄入较多时需调整剂量', 0, '
https://health-java2.oss-cn-beijing.aliyuncs.com/medicine/calcium_d3.jpg', 35.60),

-- 13. 外用药
('莫匹罗星软膏', '抗生素软膏,皮肤感染,毛囊炎,脓疱疮', '局部外用抗生素，用于革兰阳性球菌引起的皮肤感染，如脓疱病、疖肿、毛囊炎等原发性感染，以及湿疹、溃疡、创伤等继发性感染。可抑制细菌蛋白质合成，对金黄色葡萄球菌、化脓性链球菌等有良好抗菌活性。', '中美天津史克（百多邦）', '1. 与其他外用药物合用需咨询医师<br>2. 避免与眼、鼻、口腔等黏膜接触<br>3. 不宜大面积、长期使用<br>4. 与含汞化合物合用可能降低本品疗效', '1. 对莫匹罗星或其他含聚乙二醇软膏过敏者禁用<br>2. 中重度肾功能不全者慎用<br>3. 孕妇、哺乳期妇女慎用<br>4. 避免用于眼部、鼻腔内、口腔内黏膜<br>5. 用药部位如有烧灼感、瘙痒、红肿等应停药', '外用，局部涂于患处，一日3次，5天为一疗程<br>必要时可重复一疗程<br>使用前清洁患处，取适量药膏薄涂一层<br>可用敷料包扎或覆盖<br>总疗程不超过10天', 0, '
https://health-java2.oss-cn-beijing.aliyuncs.com/medicine/mupirocin.jpg', 18.30),

-- 14. 眼科用药
('左氧氟沙星滴眼液', '抗生素滴眼液,结膜炎,角膜炎,眼睑炎', '氟喹诺酮类抗菌眼药水，用于敏感菌引起的外眼部感染，如眼睑炎、睑腺炎、泪囊炎、结膜炎、睑板腺炎、角膜炎、术后感染等。对眼部常见病原菌有良好抗菌活性。', '参天制药（可乐必妥）', '1. 与其他眼用药物合用应间隔至少5分钟<br>2. 避免与含金属离子的滴眼液同时使用<br>3. 与口服喹诺酮类药物合用需注意全身不良反应<br>4. 戴角膜接触镜者用药期间应暂停佩戴', '1. 对本品或喹诺酮类药物过敏者禁用<br>2. 孕妇、哺乳期妇女慎用<br>3. 婴幼儿慎用<br>4. 仅限眼部使用，避免接触口腔、鼻腔黏膜<br>5. 使用中出现过敏症状应立即停药<br>6. 角膜溃疡患者应在医师指导下使用', '一般一次1滴，一日3次，根据症状适当增减<br>角膜炎、角膜溃疡：急性期每15-30分钟一次，严重病例最初可每5分钟一次，病情缓解后逐渐减少次数<br>使用前清洁双手，避免瓶口接触眼睛或其他表面<br>滴眼后闭眼1-2分钟，轻轻按压内眼角防止药物流入鼻腔<br>治疗时间一般为5-14天', 0, '
https://health-java2.oss-cn-beijing.aliyuncs.com/medicine/levofloxacin_eye.jpg', 28.70),

-- 15. 其他常用药
('口服补液盐Ⅲ', '补液盐,腹泻,脱水,电解质紊乱', '用于预防和治疗腹泻、呕吐、发热等引起的轻中度脱水，补充钠、钾、氯等电解质，纠正水、电解质紊乱。葡萄糖可促进钠、水吸收。低渗配方，安全性更高。', '西安安健', '1. 与止泻药合用可能影响脱水纠正<br>2. 与利尿剂合用需监测电解质<br>3. 严重脱水需配合静脉补液<br>4. 与其他口服药物同服应咨询医师', '1. 少尿或无尿患者禁用<br>2. 严重失水、有休克征象者需静脉补液<br>3. 严重腹泻、呕吐患者需在医师指导下使用<br>4. 葡萄糖吸收障碍者禁用<br>5. 肠梗阻、肠麻痹、肠穿孔患者禁用<br>6. 对本品成分过敏者禁用', '临用前，将一袋量溶解于250ml温开水中，随时口服<br>成人：开始时50ml/kg，4-6小时内服完，以后根据脱水程度调整<br>儿童：开始时50ml/kg，4小时内服完，以后根据脱水程度调整，一般每腹泻一次，服10-20ml/kg<br>少量多次服用，必要时用汤匙喂服<br>每袋冲调液应在24小时内服完', 0, '
https://health-java2.oss-cn-beijing.aliyuncs.com/medicine/ors_iii.jpg', 6.50);





-- 创建健康新闻资讯表
CREATE TABLE `news_articles`  (
                                  `id` int NOT NULL AUTO_INCREMENT COMMENT '新闻ID',
                                  `url` varchar(500) CHARACTER SET utf8mb4 COLLATE utf8mb4_0900_ai_ci NULL DEFAULT NULL COMMENT '转载url',
                                  `title` varchar(255) CHARACTER SET utf8mb4 COLLATE utf8mb4_0900_ai_ci NOT NULL COMMENT '新闻标题',
                                  `content` text CHARACTER SET utf8mb4 COLLATE utf8mb4_0900_ai_ci NOT NULL COMMENT '新闻内容',
                                  `author` varchar(100) CHARACTER SET utf8mb4 COLLATE utf8mb4_0900_ai_ci NULL DEFAULT NULL COMMENT '作者',
                                  `publish_time` timestamp NULL DEFAULT CURRENT_TIMESTAMP COMMENT '发布时间，默认为当前时间',
                                  `source` varchar(255) CHARACTER SET utf8mb4 COLLATE utf8mb4_0900_ai_ci NULL DEFAULT NULL COMMENT '新闻来源',
                                  `summary` text CHARACTER SET utf8mb4 COLLATE utf8mb4_0900_ai_ci NULL COMMENT '新闻摘要',
                                  `create_time` datetime NULL DEFAULT CURRENT_TIMESTAMP COMMENT '创建时间',
                                  `update_time` datetime NULL DEFAULT CURRENT_TIMESTAMP ON UPDATE CURRENT_TIMESTAMP COMMENT '更新时间',
                                  PRIMARY KEY (`id`) USING BTREE
) ENGINE = InnoDB AUTO_INCREMENT = 1 CHARACTER SET = utf8mb4 COLLATE = utf8mb4_0900_ai_ci COMMENT = '新闻资讯' ROW_FORMAT = DYNAMIC;

-- ----------------------------
-- Records of news_articles
-- ----------------------------
INSERT INTO `news_articles` VALUES
                                (1, 'https://health.people.com.cn/n1/2024/0325/c14739-40201567.html', '我国自主研发新型呼吸道传染病多价疫苗获批上市 覆盖主要流行病毒株', '<p style="text-align: left;">今日，国家药品监督管理局正式批准由科兴生物与中国疾病预防控制中心联合研发的"呼吸卫士"呼吸道传染病多价疫苗上市。该疫苗采用重组蛋白表达技术，可同时防御甲型流感病毒H1N1/H3N2、乙型流感病毒、呼吸道合胞病毒和副流感病毒五种主要呼吸道病原体，解决了传统单苗交叉保护不足的难题。<br>在全国15个省份开展的临床III期试验显示，接种后6个月内对五种病原体的综合保护率达89%，较传统流感疫苗提升23个百分点。科兴生物疫苗事业部负责人表示，该疫苗采用新型佐剂技术，可在2-8℃环境下保存24个月，适合中国各地区不同气候条件。<br>中国疾病预防控制中心传染病防治所所长冯子健指出："该疫苗的上市标志着我国在呼吸道传染病防控领域取得重大突破。通过精准抗原设计和多价联合策略，不仅提高了免疫效率，更减少了接种次数，对儿童、老年人等重点人群具有重要保护意义。"<br>据了解，该疫苗已纳入国家免疫规划扩展项目，将在全国疾控中心统一配发，预计2025年产能将突破8000万剂，覆盖全国60%的重点人群。</p>', '李健康', '2024-12-20 13:48:00', '人民健康网', '<p>由科兴生物联合中国疾控中心研发的新型呼吸道传染病多价疫苗"呼吸卫士"获国家药监局批准上市。该疫苗可同时预防5种主要呼吸道病毒，临床试验显示保护率达89%，预计年产能达8000万剂，将纳入国家免疫规划扩展项目。</p>', '2024-12-20 10:30:50', '2024-12-20 10:30:50'),

                                (2, 'https://news.medlive.cn/all/info-progress/show-202412.html', '《中国居民健康生活方式指南（2024版）》正式发布 提出"健康生活八要素"', '<p style="text-align: left;">12月18日，国家卫生健康委员会联合中国健康教育中心正式发布《中国居民健康生活方式指南（2024版）》。新版指南在2016版基础上进行全面修订，首次提出"健康生活八要素"理念，为居民提供更科学、更具体的健康指导。<br>指南明确"健康生活八要素"包括：均衡营养、适量运动、充足睡眠、心理平衡、戒烟限酒、科学防疫、定期体检、慢病管理。针对每个要素提供了具体的量化标准和实施建议，如每日食盐摄入量不超过5克、每周至少150分钟中等强度运动、每日睡眠7-9小时等。<br>国家卫生健康委疾控局负责人表示："新版指南针对我国居民主要健康问题和疾病谱变化，增加了心理健康维护、慢病自我管理、科学用药等内容。特别是在后疫情时代，增加了科学防疫和传染病预防的专门章节。"<br>指南特别关注重点人群健康需求，为儿童青少年、孕产妇、老年人、慢性病患者等制定了针对性的健康建议。如建议学龄儿童每日屏幕时间不超过2小时，老年人注重防跌倒和认知训练，糖尿病患者加强血糖监测等。<br>为推进指南落地，卫健委将联合教育部、体育总局等多部门开展"健康生活进万家"系列活动，通过社区健康讲座、校园健康教育、企业健康促进等多种形式，将健康知识送到群众身边。</p>', '王明华', '2024-12-18 09:30:00', '医学界', '<p>国家卫健委发布《中国居民健康生活方式指南（2024版）》，首次提出"健康生活八要素"，包括均衡营养、适量运动、充足睡眠等八个方面，为居民提供科学健康指导，特别关注重点人群健康需求。</p>', '2024-12-18 09:30:00', '2024-12-18 09:30:00'),

                                (3, 'https://news.ifeng.com/c/8W8q8Qq8Qq8', '人工智能辅助诊断系统在基层医疗机构推广应用 助力提升诊疗水平', '<p style="text-align: left;">12月15日，国家卫生健康委员会召开新闻发布会，宣布人工智能辅助诊断系统将在全国基层医疗机构全面推广应用。该系统基于深度学习和医学影像分析技术，可辅助医生进行常见疾病的诊断，提高基层医疗服务的准确性和效率。<br>该系统已在全国2000多家基层医疗机构试点应用，涵盖心电图自动分析、X光胸片筛查、眼底病变识别、皮肤病辅助诊断等多个功能模块。试点数据显示，使用AI辅助诊断后，基层医疗机构对肺炎、肺结核、糖尿病视网膜病变等疾病的诊断准确率平均提高18%，漏诊率下降32%。<br>国家卫健委基层卫生健康司司长聂春雷表示："AI辅助诊断系统的推广应用，是解决基层医疗资源不足、提升基层诊疗水平的重要举措。系统不仅能够提供诊断建议，还能够记录和分析患者的健康数据，为慢性病管理提供支持。"<br>系统特别注重实用性设计，考虑到基层医疗机构的网络条件和设备状况，支持离线使用和移动端应用。同时，建立了三级医院专家远程会诊机制，当AI系统识别到疑难病例时，可一键发起远程会诊申请。<br>到2025年底，该系统将覆盖全国80%的乡镇卫生院和社区卫生服务中心，预计将服务超过5亿基层居民，有效提升基层医疗服务能力，缓解"看病难、看病贵"问题。</p>', '张科技', '2024-12-15 14:20:00', '凤凰健康', '<p>国家卫健委宣布人工智能辅助诊断系统将在全国基层医疗机构全面推广，该系统可辅助心电图、X光片、眼底等影像诊断，试点显示诊断准确率平均提高18%，到2025年底将覆盖全国80%的基层医疗机构。</p>', '2024-12-15 14:20:00', '2024-12-15 14:20:00'),

                                (4, 'https://www.cn-healthcare.com/article/20241218/content-577896.html', '我国建成全球最大慢性病防控网络 覆盖1.2亿患者', '<p style="text-align: left;">12月10日，国家慢性病综合防控示范区建设推进会在京召开。会议透露，我国已建成全球最大的慢性病防控网络，覆盖全国31个省（区、市）的2880个县（市、区），管理高血压、糖尿病等主要慢性病患者1.2亿人。<br>这个覆盖城乡的慢性病防控网络包括三级管理体系：县级慢性病管理中心、乡镇卫生院/社区卫生服务中心慢性病管理站、村卫生室/社区卫生服务站慢性病管理点。通过这个网络，慢性病患者可以在家门口获得规范化的健康管理服务。<br>中国疾控中心慢性非传染性疾病预防控制中心主任吴静介绍："网络建设最大的成就是实现了慢性病管理的规范化和同质化。无论患者在城市还是农村，都能获得相同标准的基本公共卫生服务，包括定期随访、健康评估、用药指导、并发症筛查等。"<br>数据显示，通过规范化管理，我国高血压患者的控制率从2015年的13.8%提高到2024年的45.6%，糖尿病患者的血糖控制达标率从25.8%提高到51.2%。慢性病导致的过早死亡率下降了18.7%。<br>下一步，国家将重点推进"互联网+慢性病管理"模式，通过智能穿戴设备、移动医疗APP等，实现慢性病患者的实时监测和个性化管理。同时，加强慢性病防控与基本医疗保险的衔接，减轻患者经济负担。</p>', '刘民生', '2024-12-10 11:15:00', '健康界', '<p>我国建成全球最大慢性病防控网络，覆盖全国2880个县区，管理1.2亿高血压、糖尿病患者。通过规范化管理，高血压控制率提高到45.6%，糖尿病血糖达标率提高到51.2%，慢性病过早死亡率下降18.7%。</p>', '2024-12-10 11:15:00', '2024-12-10 11:15:00'),

                                (5, 'https://med.china.com.cn/content/2024-12/05/content_43219876.htm', '心理健康服务体系实现县域全覆盖 设立24小时心理援助热线', '<p style="text-align: left;">12月5日是世界精神卫生日，国家卫生健康委召开专题发布会宣布，我国已实现县域社会心理服务体系建设全覆盖，所有县（市、区）均已建立精神卫生防治机构，并开通了24小时心理援助热线。<br>截至2024年11月，全国共设立精神卫生防治机构3208个，精神科执业医师4.6万名，心理治疗师和心理咨询师12.8万名。各地开通的心理援助热线累计接听来电超过850万次，成功干预心理危机2.3万例。<br>国家卫健委医政医管局副局长李大川表示："心理健康是健康的重要组成部分。我们建立了覆盖城乡的心理健康服务网络，包括精神专科医院、综合医院精神科、基层医疗卫生机构心理健康门诊、学校和企事业单位心理咨询室等多层次服务体系。"<br>针对重点人群，开展了专项心理健康服务。在校园，实施"阳光心理"工程，为中小学生建立心理健康档案，开展定期心理评估。在职场，推行"员工援助计划"，为企业员工提供心理咨询服务。在社区，开展"心理健康进万家"活动，为重点人群提供上门服务。<br>下一步，国家将重点加强基层心理健康服务能力建设，培训全科医生掌握基本精神卫生技能，推广"互联网+心理健康"服务模式，让群众能够更方便、更快捷地获得心理健康服务。同时，加强心理健康科普宣传，消除对精神心理问题的歧视和污名化。</p>', '陈心怡', '2024-12-05 10:00:00', '中国医疗', '<p>我国实现县域社会心理服务体系建设全覆盖，建立3208个精神卫生机构，拥有精神科医师4.6万名，开通24小时心理援助热线累计接听850万次来电，成功干预心理危机2.3万例，构建多层次心理健康服务体系。</p>', '2024-12-05 10:00:00', '2024-12-05 10:00:00'),

                                (6, 'https://www.jkb.com.cn/medicalnews/202412/482015.html', '国家中医药管理局发布《中医药防治重大疾病优势病种方案（2024版）》', '<p style="text-align: left;">12月3日，国家中医药管理局在京发布《中医药防治重大疾病优势病种方案（2024版）》。方案明确了中医药在32个重大疾病防治中的优势和作用，为临床提供了规范化的中医药诊疗方案。<br>方案涵盖心脑血管疾病、恶性肿瘤、呼吸系统疾病、代谢性疾病、神经系统疾病、精神心理疾病等多个领域。针对每个优势病种，方案详细列出了中医病因病机、辨证分型、治法治则、方药推荐、适宜技术、预防调护等内容。<br>国家中医药管理局医政司司长蒋健介绍："这是我国首次系统梳理中医药在重大疾病防治中的优势和作用。方案基于临床证据和专家共识，既体现了中医药特色，又融入了现代医学成果，是中医药现代化、标准化的重要成果。"<br>以心血管疾病为例，方案明确了中医药在冠心病、高血压、心力衰竭等疾病治疗中的定位和作用。对于稳定型心绞痛，中医药可以减少硝酸甘油用量，改善生活质量；对于心力衰竭，中医药可以改善心功能，减少再住院率。<br>方案还特别强调了"治未病"理念，针对重大疾病的高危人群，制定了中医药干预方案。如针对糖尿病前期人群，推荐使用健脾化浊、活血通络的中药，配合饮食运动指导，可以显著降低糖尿病发生率。<br>为推进方案实施，国家将开展中医药优势病种诊疗能力提升工程，培训基层中医药人员，推广适宜技术，让更多患者受益于中医药服务。</p>', '杨国医', '2024-12-03 15:40:00', '健康报', '<p>国家中医药管理局发布《中医药防治重大疾病优势病种方案（2024版）》，明确中医药在32个重大疾病防治中的优势，涵盖心脑血管病、肿瘤、呼吸系统病等，提供规范化诊疗方案，强调"治未病"理念和高危人群干预。</p>', '2024-12-03 15:40:00', '2024-12-03 15:40:00'),

                                (7, 'https://www.sohu.com/a/846215468_121124365', '我国居民健康素养水平达到28.6% 比十年前提高15个百分点', '<p style="text-align: left;">12月1日，国家卫生健康委发布2024年中国居民健康素养监测结果。监测显示，2024年我国居民健康素养水平达到28.6%，比2014年的13.5%提高了15.1个百分点，实现"健康中国2030"规划纲要中期目标。<br>本次监测覆盖全国31个省（区、市）的336个监测点，调查了4.8万名15-69岁城乡居民。监测从基本知识和理念、健康生活方式与行为、基本技能三个维度评估居民健康素养水平。<br>中国健康教育中心主任李长宁分析："健康素养水平的提升，反映了我国健康教育与健康促进工作的成效。特别是健康生活方式与行为方面的素养提升最为明显，从2014年的9.8%提高到2024年的25.3%，说明居民的健康行为正在发生积极变化。"<br>监测也发现了一些问题和挑战。一是健康素养水平存在明显的地区和人群差异，城市居民（35.2%）高于农村居民（22.1%），东部地区（32.4%）高于西部地区（24.8%）。二是老年人群、低学历人群的健康素养水平相对较低，是需要重点关注和干预的人群。<br>针对监测结果，国家卫健委将实施健康素养提升专项行动，重点加强农村地区、西部地区、重点人群的健康教育。创新健康教育形式和载体，利用新媒体、短视频等群众喜闻乐见的方式传播健康知识。同时，推进健康促进场所建设，创建健康家庭、健康社区、健康学校、健康企业，营造支持性健康环境。</p>', '赵知心', '2024-12-01 16:20:00', '搜狐健康', '<p>2024年我国居民健康素养水平达到28.6%，比2014年提高15.1个百分点，实现"健康中国2030"中期目标。监测显示居民健康生活方式与行为素养提升最为明显，但仍存在地区和人群差异，需加强重点人群健康教育。</p>', '2024-12-01 16:20:00', '2024-12-01 16:20:00'),

                                (8, 'https://www.medsci.cn/article/show_article.do?id=9d8e8d8e8d8e', '远程医疗纳入医保支付范围 基层群众就医更便捷', '<p style="text-align: left;">11月28日，国家医保局、国家卫生健康委联合印发《关于完善"互联网+"医疗服务价格和医保支付政策的指导意见》，明确将远程医疗、互联网复诊、在线处方等"互联网+"医疗服务纳入医保支付范围。<br>《意见》明确了纳入医保支付的"互联网+"医疗服务项目包括：互联网复诊、远程会诊、远程监测、在线处方、药品配送等。其中，常见病、慢性病互联网复诊费用将按普通门诊诊查费标准支付，远程会诊费用将根据会诊专家级别和服务内容确定支付标准。<br>国家医保局医药服务管理司司长熊先军表示："将互联网+医疗服务纳入医保支付，是适应医疗模式创新、满足群众医疗需求的重要举措。特别是对于行动不便的老年人、慢性病患者、偏远地区居民，远程医疗可以大大减轻就医负担。"<br>为确保医疗质量和基金安全，《意见》建立了严格的管理制度。提供"互联网+"医疗服务的医疗机构和医师需具备相应资质，服务过程全程留痕、可追溯，处方开具严格执行《处方管理办法》。医保部门将加强费用审核和智能监控，防止欺诈骗保行为。<br>预计政策实施后，全国将有超过1万家医疗机构开展"互联网+"医疗服务，年服务量将超过2亿人次。特别是对于高血压、糖尿病等慢性病患者，通过互联网复诊和药品配送，可以减少往返医院的次数和时间，提高治疗依从性和管理效果。</p>', '钱医保', '2024-11-28 13:10:00', '梅斯医学', '<p>国家医保局、卫健委联合发文，将远程医疗、互联网复诊、在线处方等"互联网+"医疗服务纳入医保支付范围。常见病慢性病互联网复诊按普通门诊支付，远程会诊按专家级别确定支付标准，预计年服务量将超过2亿人次。</p>', '2024-11-28 13:10:00', '2024-11-28 13:10:00'),

                                (9, 'https://www.medlive.cn/all/info-news/show-182015.html', '国家癌症中心发布最新癌症统计数据 发病率和死亡率呈下降趋势', '<p style="text-align: left;">11月25日，国家癌症中心在2024中国肿瘤学大会上发布最新癌症统计数据。数据显示，我国癌症年龄标准化发病率和死亡率首次出现下降趋势，反映了我国癌症防治工作的成效。<br>根据统计，2024年我国新发癌症病例约482万例，死亡病例约257万例。与2019年相比，年龄标准化发病率下降了1.2%，年龄标准化死亡率下降了2.8%。下降最为明显的是食管癌、胃癌、肝癌等消化系统肿瘤。<br>国家癌症中心主任赫捷院士分析："癌症发病率和死亡率下降，主要得益于我国持续推进的癌症防治行动。包括癌症筛查和早诊早治的普及、治疗技术的进步、规范化诊疗的推广、以及危险因素控制的加强。"<br>数据显示，我国主要癌症的5年生存率从2015年的40.5%提高到2024年的46.6%。其中，乳腺癌、甲状腺癌、前列腺癌等癌症的5年生存率超过80%，达到国际先进水平。但肺癌、肝癌、胰腺癌等预后较差的癌症，5年生存率仍有待提高。<br>赫捷院士指出，下一步癌症防治工作的重点：一是加强一级预防，控制吸烟、不健康饮食、缺乏运动等危险因素；二是扩大筛查覆盖面，提高早期诊断率；三是推广规范化诊疗，提高治疗质量；四是加强康复和安宁疗护，提高患者生活质量。<br>国家癌症中心将启动"中国癌症防控2030"行动计划，目标是到2030年，总体癌症5年生存率提高到50%，癌症年龄标准化死亡率下降15%，为实现"健康中国2030"目标奠定基础。</p>', '孙防癌', '2024-11-25 14:50:00', '医脉通', '<p>国家癌症中心发布数据显示，我国癌症年龄标准化发病率和死亡率首次出现下降，2024年新发癌症482万例，死亡257万例。癌症5年生存率从2015年40.5%提高到2024年46.6%，食管癌、胃癌、肝癌等下降明显。</p>', '2024-11-25 14:50:00', '2024-11-25 14:50:00'),

                                (10, 'https://www.cn-healthcare.com/article/20241120/content-577215.html', '我国建成全球最大医疗健康信息平台 实现电子健康档案全覆盖', '<p style="text-align: left;">11月20日，国家卫生健康委召开新闻发布会宣布，我国已建成全球最大的医疗健康信息平台，实现了14.1亿人口电子健康档案的全覆盖和互联互通。<br>这个覆盖全国的医疗健康信息平台包括国家级平台、省级平台、地市级平台和医疗机构信息系统四级架构。通过这个平台，居民在全国任何一家接入平台的医疗机构就诊，医生都可以调阅其电子健康档案，了解既往病史、检查结果、用药情况等信息。<br>国家卫健委规划发展与信息化司司长毛群安介绍："平台的建成，标志着我国医疗信息化建设进入新阶段。不仅实现了数据多跑路、群众少跑腿，更重要的是为精准医疗、智慧医疗奠定了基础。"<br>平台实现了三大核心功能：一是健康档案共享，医生可以全面了解患者健康状况；二是检查检验结果互认，避免了重复检查；三是电子处方流转，患者可以在线开具处方并选择药店取药或配送到家。<br>为保护患者隐私和数据安全，平台建立了严格的安全管理体系。所有数据访问都需要授权，并进行全程留痕。患者对自己的健康数据拥有完全的知情权和授权权，可以随时查看谁在什么时候访问了自己的哪些信息。<br>下一步，国家将推动平台功能从"互联互通"向"智慧应用"升级。基于平台的大数据，开展疾病预测预警、医疗质量评价、卫生资源配置等分析，为医疗卫生决策提供支持。同时，开发面向居民的健康管理APP，让群众能够更方便地管理自己的健康。</p>', '周信息', '2024-11-20 11:30:00', '健康界', '<p>我国建成全球最大医疗健康信息平台，实现14.1亿人口电子健康档案全覆盖和互联互通。平台实现健康档案共享、检查结果互认、电子处方流转三大功能，为精准医疗、智慧医疗奠定基础，同时建立严格的数据安全管理体系。</p>', '2024-11-20 11:30:00', '2024-11-20 11:30:00');
-- ----------------------------
-- Table structure for pageview
-- ----------------------------
DROP TABLE IF EXISTS `pageview`;
CREATE TABLE `pageview`  (
  `id` int NOT NULL AUTO_INCREMENT COMMENT '主键id',
  `pageviews` int NULL DEFAULT NULL COMMENT '浏览量',
  `illness_id` int NULL DEFAULT NULL COMMENT '病的id',
  PRIMARY KEY (`id`) USING BTREE
) ENGINE = InnoDB AUTO_INCREMENT = 19 CHARACTER SET = utf8mb4 COLLATE = utf8mb4_0900_ai_ci COMMENT = '浏览量' ROW_FORMAT = DYNAMIC;

-- ----------------------------
-- Records of pageview
-- ----------------------------
INSERT INTO `pageview` VALUES (5, 36, 121213);
INSERT INTO `pageview` VALUES (6, 15, 121214);
INSERT INTO `pageview` VALUES (7, 2, 121215);
INSERT INTO `pageview` VALUES (8, 5, 121216);
INSERT INTO `pageview` VALUES (9, 8, 121217);
INSERT INTO `pageview` VALUES (10, 1, 121218);
INSERT INTO `pageview` VALUES (11, 3, 121219);
INSERT INTO `pageview` VALUES (12, 2, 121220);
INSERT INTO `pageview` VALUES (13, 1, 121221);
INSERT INTO `pageview` VALUES (14, 2, 121222);
INSERT INTO `pageview` VALUES (16, 5, 121223);
INSERT INTO `pageview` VALUES (17, 13, 121226);

-- ----------------------------
-- Table structure for user
-- ----------------------------
DROP TABLE IF EXISTS `user`;
CREATE TABLE `user`  (
  `id` int NOT NULL AUTO_INCREMENT COMMENT '用户主键id',
  `user_account` varchar(255) CHARACTER SET utf8mb4 COLLATE utf8mb4_0900_ai_ci NULL DEFAULT NULL COMMENT '用户账号',
  `user_name` varchar(255) CHARACTER SET utf8mb4 COLLATE utf8mb4_0900_ai_ci NULL DEFAULT NULL COMMENT '用户的真实名字',
  `user_pwd` varchar(255) CHARACTER SET utf8mb4 COLLATE utf8mb4_0900_ai_ci NULL DEFAULT NULL COMMENT '用户密码',
  `user_age` int NULL DEFAULT NULL COMMENT '用户年龄',
  `user_sex` varchar(1) CHARACTER SET utf8mb4 COLLATE utf8mb4_0900_ai_ci NULL DEFAULT NULL COMMENT '用户性别',
  `user_email` varchar(255) CHARACTER SET utf8mb4 COLLATE utf8mb4_0900_ai_ci NULL DEFAULT NULL COMMENT '用户邮箱',
  `user_tel` varchar(50) CHARACTER SET utf8mb4 COLLATE utf8mb4_0900_ai_ci NULL DEFAULT NULL COMMENT '手机号',
  `role_status` int NULL DEFAULT NULL COMMENT '角色状态，1管理员，0普通用户',
  `img_path` varchar(255) CHARACTER SET utf8mb4 COLLATE utf8mb4_0900_ai_ci NULL DEFAULT NULL COMMENT '用户头像',
  `create_time` datetime NULL DEFAULT CURRENT_TIMESTAMP COMMENT '创建时间',
  `update_time` datetime NULL DEFAULT CURRENT_TIMESTAMP ON UPDATE CURRENT_TIMESTAMP COMMENT '更新时间',
  PRIMARY KEY (`id`) USING BTREE,
  INDEX `create_time`(`create_time` ASC) USING BTREE
) ENGINE = InnoDB AUTO_INCREMENT = 10 CHARACTER SET = utf8mb4 COLLATE = utf8mb4_0900_ai_ci COMMENT = '用户' ROW_FORMAT = DYNAMIC;

-- ----------------------------
-- Records of user
-- ----------------------------
INSERT INTO `user` VALUES (2, 'admin', '张总', '$2a$10$C4PdFjCdsRW2Q4Mu1x/Q8OzfUYYu09PH27iQfMHFozj05hqPfZ7x6', 18, '女', 'zhangxs@163.com', '13511111111', 1, 'https://tse4-mm.cn.bing.net/th/id/OIP-C.Xd88RmKtrH3ORAfPnL3gwAAAAA?w=168&h=180&c=7&r=0&o=5&dpr=1.3&pid=1.7', '2025-02-27 23:00:40', '2025-03-30 16:24:10');
INSERT INTO `user` VALUES (9, 'zhangcg', '张长弓', '$2a$10$eRbcqLz4UUnnsv23xbVg1eH7F4jSlwX/M7tiYrZehlHKVrp/he7Ei', NULL, NULL, '2571293150@qq.com', NULL, 0, 'https://tse4-mm.cn.bing.net/th/id/OIP-C.Xd88RmKtrH3ORAfPnL3gwAAAAA?w=168&h=180&c=7&r=0&o=5&dpr=1.3&pid=1.7', '2025-03-30 16:20:57', '2025-03-30 16:22:45');

SET FOREIGN_KEY_CHECKS = 1;
